record_id,state,district,city,market_zone,property_type,furnishing,area_sqft,bedrooms,bathrooms,age_years,floor,benchmark_price_per_sqft,estimated_price_per_sqft,estimated_price,reference_date,source,source_type,source_url,is_synthetic,notes
1,Maharashtra,Palghar,Palghar,Core / Established,Apartment,Unfurnished,550,1,1,12,16,6000,6473.52,3560000,2026-09-14,Regional bootstrap estimate anchored to Maharashtra market benchmarks,derived_estimate,,TRUE,Bootstrap/model-development record; not a raw registered transaction.
2,Maharashtra,Palghar,Palghar,Core / Established,Apartment,Semi-Furnished,900,2,2,1,13,6000,7883.6,7100000,2026-09-14,Regional bootstrap estimate anchored to Maharashtra market benchmarks,derived_estimate,,TRUE,Bootstrap/model-development record; not a raw registered transaction.
3,Maharashtra,Palghar,Palghar,Core / Established,Apartment,Fully Furnished,1350,3,3,7,18,6000,7825.85,10560000,2026-09-14,Regional bootstrap estimate anchored to Maharashtra market benchmarks,derived_estimate,,TRUE,Bootstrap/model-development record; not a raw registered transaction.
4,Maharashtra,Palghar,Palghar,Core / Established,Apartment,Fully Furnished,1800,4,4,7,3,6000,7595.71,13670000,2026-09-14,Regional bootstrap estimate anchored to Maharashtra market benchmarks,derived_estimate,,TRUE,Bootstrap/model-development record; not a raw registered transaction.
5,Maharashtra,Palghar,Palghar,Core / Established,Independent House,Semi-Furnished,1100,2,2,3,3,6000,7086.64,7800000,2026-09-14,Regional bootstrap estimate anchored to Maharashtra market benchmarks,derived_estimate,,TRUE,Bootstrap/model-development record; not a raw registered transaction.
6,Maharashtra,Palghar,Palghar,Core / Established,Independent House,Fully Furnished,1650,3,3,2,5,6000,7801.07,12870000,2026-09-14,Regional bootstrap estimate anchored to Maharashtra market benchmarks,derived_estimate,,TRUE,Bootstrap/model-development record; not a raw registered transaction.
7,Maharashtra,Palghar,Palghar,Core / Established,Independent House,Fully Furnished,2300,4,4,7,4,6000,8337.64,19180000,2026-09-14,Regional bootstrap estimate anchored to Maharashtra market benchmarks,derived_estimate,,TRUE,Bootstrap/model-development record; not a raw registered transaction.
8,Maharashtra,Palghar,Palghar,Core / Established,Villa,Semi-Furnished,2200,3,3,1,4,6000,9405.0,20690000,2026-09-14,Regional bootstrap estimate anchored to Maharashtra market benchmarks,derived_estimate,,TRUE,Bootstrap/model-development record; not a raw registered transaction.
9,Maharashtra,Palghar,Palghar,Core / Established,Villa,Fully Furnished,3000,4,4,2,2,6000,9877.97,29630000,2026-09-14,Regional bootstrap estimate anchored to Maharashtra market benchmarks,derived_estimate,,TRUE,Bootstrap/model-development record; not a raw registered transaction.
10,Maharashtra,Palghar,Palghar,Core / Established,Villa,Fully Furnished,4200,5,5,10,2,6000,9912.45,41630000,2026-09-14,Regional bootstrap estimate anchored to Maharashtra market benchmarks,derived_estimate,,TRUE,Bootstrap/model-development record; not a raw registered transaction.
11,Maharashtra,Palghar,Palghar,Main Residential,Apartment,Unfurnished,550,1,1,3,6,6000,5769.49,3170000,2026-09-14,Regional bootstrap estimate anchored to Maharashtra market benchmarks,derived_estimate,,TRUE,Bootstrap/model-development record; not a raw registered transaction.
12,Maharashtra,Palghar,Palghar,Main Residential,Apartment,Semi-Furnished,900,2,2,12,6,6000,5528.62,4980000,2026-09-14,Regional bootstrap estimate anchored to Maharashtra market benchmarks,derived_estimate,,TRUE,Bootstrap/model-development record; not a raw registered transaction.
13,Maharashtra,Palghar,Palghar,Main Residential,Apartment,Fully Furnished,1350,3,3,15,19,6000,5678.72,7670000,2026-09-14,Regional bootstrap estimate anchored to Maharashtra market benchmarks,derived_estimate,,TRUE,Bootstrap/model-development record; not a raw registered transaction.
14,Maharashtra,Palghar,Palghar,Main Residential,Apartment,Fully Furnished,1800,4,4,15,12,6000,6254.13,11260000,2026-09-14,Regional bootstrap estimate anchored to Maharashtra market benchmarks,derived_estimate,,TRUE,Bootstrap/model-development record; not a raw registered transaction.
15,Maharashtra,Palghar,Palghar,Main Residential,Independent House,Semi-Furnished,1100,2,2,7,3,6000,5637.52,6200000,2026-09-14,Regional bootstrap estimate anchored to Maharashtra market benchmarks,derived_estimate,,TRUE,Bootstrap/model-development record; not a raw registered transaction.
16,Maharashtra,Palghar,Palghar,Main Residential,Independent House,Fully Furnished,1650,3,3,15,5,6000,5788.07,9550000,2026-09-14,Regional bootstrap estimate anchored to Maharashtra market benchmarks,derived_estimate,,TRUE,Bootstrap/model-development record; not a raw registered transaction.
17,Maharashtra,Palghar,Palghar,Main Residential,Independent House,Fully Furnished,2300,4,4,1,1,6000,7658.75,17620000,2026-09-14,Regional bootstrap estimate anchored to Maharashtra market benchmarks,derived_estimate,,TRUE,Bootstrap/model-development record; not a raw registered transaction.
18,Maharashtra,Palghar,Palghar,Main Residential,Villa,Semi-Furnished,2200,3,3,2,5,6000,7821.37,17210000,2026-09-14,Regional bootstrap estimate anchored to Maharashtra market benchmarks,derived_estimate,,TRUE,Bootstrap/model-development record; not a raw registered transaction.
19,Maharashtra,Palghar,Palghar,Main Residential,Villa,Fully Furnished,3000,4,4,1,3,6000,8662.17,25990000,2026-09-14,Regional bootstrap estimate anchored to Maharashtra market benchmarks,derived_estimate,,TRUE,Bootstrap/model-development record; not a raw registered transaction.
20,Maharashtra,Palghar,Palghar,Main Residential,Villa,Fully Furnished,4200,5,5,15,3,6000,7727.71,32460000,2026-09-14,Regional bootstrap estimate anchored to Maharashtra market benchmarks,derived_estimate,,TRUE,Bootstrap/model-development record; not a raw registered transaction.
21,Maharashtra,Palghar,Palghar,Growth / Peripheral,Apartment,Unfurnished,550,1,1,7,6,6000,4702.15,2590000,2026-09-14,Regional bootstrap estimate anchored to Maharashtra market benchmarks,derived_estimate,,TRUE,Bootstrap/model-development record; not a raw registered transaction.
22,Maharashtra,Palghar,Palghar,Growth / Peripheral,Apartment,Semi-Furnished,900,2,2,3,3,6000,5104.97,4590000,2026-09-14,Regional bootstrap estimate anchored to Maharashtra market benchmarks,derived_estimate,,TRUE,Bootstrap/model-development record; not a raw registered transaction.
23,Maharashtra,Palghar,Palghar,Growth / Peripheral,Apartment,Fully Furnished,1350,3,3,5,10,6000,5491.52,7410000,2026-09-14,Regional bootstrap estimate anchored to Maharashtra market benchmarks,derived_estimate,,TRUE,Bootstrap/model-development record; not a raw registered transaction.
24,Maharashtra,Palghar,Palghar,Growth / Peripheral,Apartment,Fully Furnished,1800,4,4,10,12,6000,5604.01,10090000,2026-09-14,Regional bootstrap estimate anchored to Maharashtra market benchmarks,derived_estimate,,TRUE,Bootstrap/model-development record; not a raw registered transaction.
25,Maharashtra,Palghar,Palghar,Growth / Peripheral,Independent House,Semi-Furnished,1100,2,2,15,4,6000,4498.18,4950000,2026-09-14,Regional bootstrap estimate anchored to Maharashtra market benchmarks,derived_estimate,,TRUE,Bootstrap/model-development record; not a raw registered transaction.
26,Maharashtra,Palghar,Palghar,Growth / Peripheral,Independent House,Fully Furnished,1650,3,3,12,2,6000,4799.83,7920000,2026-09-14,Regional bootstrap estimate anchored to Maharashtra market benchmarks,derived_estimate,,TRUE,Bootstrap/model-development record; not a raw registered transaction.
27,Maharashtra,Palghar,Palghar,Growth / Peripheral,Independent House,Fully Furnished,2300,4,4,15,5,6000,5335.77,12270000,2026-09-14,Regional bootstrap estimate anchored to Maharashtra market benchmarks,derived_estimate,,TRUE,Bootstrap/model-development record; not a raw registered transaction.
28,Maharashtra,Palghar,Palghar,Growth / Peripheral,Villa,Semi-Furnished,2200,3,3,2,5,6000,6508.74,14320000,2026-09-14,Regional bootstrap estimate anchored to Maharashtra market benchmarks,derived_estimate,,TRUE,Bootstrap/model-development record; not a raw registered transaction.
29,Maharashtra,Palghar,Palghar,Growth / Peripheral,Villa,Fully Furnished,3000,4,4,10,1,6000,6470.12,19410000,2026-09-14,Regional bootstrap estimate anchored to Maharashtra market benchmarks,derived_estimate,,TRUE,Bootstrap/model-development record; not a raw registered transaction.
30,Maharashtra,Palghar,Palghar,Growth / Peripheral,Villa,Fully Furnished,4200,5,5,2,4,6000,7737.73,32500000,2026-09-14,Regional bootstrap estimate anchored to Maharashtra market benchmarks,derived_estimate,,TRUE,Bootstrap/model-development record; not a raw registered transaction.
31,Maharashtra,Thane,Thane,Core / Established,Apartment,Unfurnished,550,1,1,15,19,9691,10171.8,5590000,2026-09-14,Housing.com Maharashtra property-rate benchmark,published_market_benchmark,https://housing.com/price-trends/property-rates-for-buy-in-maharashtra_india-P3mm15uxln8blpmn0,TRUE,Bootstrap/model-development record; not a raw registered transaction.
32,Maharashtra,Thane,Thane,Core / Established,Apartment,Semi-Furnished,900,2,2,3,8,9691,12063.63,10860000,2026-09-14,Housing.com Maharashtra property-rate benchmark,published_market_benchmark,https://housing.com/price-trends/property-rates-for-buy-in-maharashtra_india-P3mm15uxln8blpmn0,TRUE,Bootstrap/model-development record; not a raw registered transaction.
33,Maharashtra,Thane,Thane,Core / Established,Apartment,Fully Furnished,1350,3,3,15,12,9691,10667.63,14400000,2026-09-14,Housing.com Maharashtra property-rate benchmark,published_market_benchmark,https://housing.com/price-trends/property-rates-for-buy-in-maharashtra_india-P3mm15uxln8blpmn0,TRUE,Bootstrap/model-development record; not a raw registered transaction.
34,Maharashtra,Thane,Thane,Core / Established,Apartment,Fully Furnished,1800,4,4,3,4,9691,13142.48,23660000,2026-09-14,Housing.com Maharashtra property-rate benchmark,published_market_benchmark,https://housing.com/price-trends/property-rates-for-buy-in-maharashtra_india-P3mm15uxln8blpmn0,TRUE,Bootstrap/model-development record; not a raw registered transaction.
35,Maharashtra,Thane,Thane,Core / Established,Independent House,Semi-Furnished,1100,2,2,12,1,9691,10311.66,11340000,2026-09-14,Housing.com Maharashtra property-rate benchmark,published_market_benchmark,https://housing.com/price-trends/property-rates-for-buy-in-maharashtra_india-P3mm15uxln8blpmn0,TRUE,Bootstrap/model-development record; not a raw registered transaction.
36,Maharashtra,Thane,Thane,Core / Established,Independent House,Fully Furnished,1650,3,3,5,1,9691,12343.41,20370000,2026-09-14,Housing.com Maharashtra property-rate benchmark,published_market_benchmark,https://housing.com/price-trends/property-rates-for-buy-in-maharashtra_india-P3mm15uxln8blpmn0,TRUE,Bootstrap/model-development record; not a raw registered transaction.
37,Maharashtra,Thane,Thane,Core / Established,Independent House,Fully Furnished,2300,4,4,3,5,9691,14192.75,32640000,2026-09-14,Housing.com Maharashtra property-rate benchmark,published_market_benchmark,https://housing.com/price-trends/property-rates-for-buy-in-maharashtra_india-P3mm15uxln8blpmn0,TRUE,Bootstrap/model-development record; not a raw registered transaction.
38,Maharashtra,Thane,Thane,Core / Established,Villa,Semi-Furnished,2200,3,3,10,3,9691,13238.97,29130000,2026-09-14,Housing.com Maharashtra property-rate benchmark,published_market_benchmark,https://housing.com/price-trends/property-rates-for-buy-in-maharashtra_india-P3mm15uxln8blpmn0,TRUE,Bootstrap/model-development record; not a raw registered transaction.
39,Maharashtra,Thane,Thane,Core / Established,Villa,Fully Furnished,3000,4,4,3,2,9691,15199.17,45600000,2026-09-14,Housing.com Maharashtra property-rate benchmark,published_market_benchmark,https://housing.com/price-trends/property-rates-for-buy-in-maharashtra_india-P3mm15uxln8blpmn0,TRUE,Bootstrap/model-development record; not a raw registered transaction.
40,Maharashtra,Thane,Thane,Core / Established,Villa,Fully Furnished,4200,5,5,7,4,9691,16735.13,70290000,2026-09-14,Housing.com Maharashtra property-rate benchmark,published_market_benchmark,https://housing.com/price-trends/property-rates-for-buy-in-maharashtra_india-P3mm15uxln8blpmn0,TRUE,Bootstrap/model-development record; not a raw registered transaction.
41,Maharashtra,Thane,Thane,Main Residential,Apartment,Unfurnished,550,1,1,1,10,9691,9865.04,5430000,2026-09-14,Housing.com Maharashtra property-rate benchmark,published_market_benchmark,https://housing.com/price-trends/property-rates-for-buy-in-maharashtra_india-P3mm15uxln8blpmn0,TRUE,Bootstrap/model-development record; not a raw registered transaction.
42,Maharashtra,Thane,Thane,Main Residential,Apartment,Semi-Furnished,900,2,2,15,4,9691,8651.19,7790000,2026-09-14,Housing.com Maharashtra property-rate benchmark,published_market_benchmark,https://housing.com/price-trends/property-rates-for-buy-in-maharashtra_india-P3mm15uxln8blpmn0,TRUE,Bootstrap/model-development record; not a raw registered transaction.
43,Maharashtra,Thane,Thane,Main Residential,Apartment,Fully Furnished,1350,3,3,5,15,9691,10874.44,14680000,2026-09-14,Housing.com Maharashtra property-rate benchmark,published_market_benchmark,https://housing.com/price-trends/property-rates-for-buy-in-maharashtra_india-P3mm15uxln8blpmn0,TRUE,Bootstrap/model-development record; not a raw registered transaction.
44,Maharashtra,Thane,Thane,Main Residential,Apartment,Fully Furnished,1800,4,4,3,4,9691,11070.05,19930000,2026-09-14,Housing.com Maharashtra property-rate benchmark,published_market_benchmark,https://housing.com/price-trends/property-rates-for-buy-in-maharashtra_india-P3mm15uxln8blpmn0,TRUE,Bootstrap/model-development record; not a raw registered transaction.
45,Maharashtra,Thane,Thane,Main Residential,Independent House,Semi-Furnished,1100,2,2,12,1,9691,8856.44,9740000,2026-09-14,Housing.com Maharashtra property-rate benchmark,published_market_benchmark,https://housing.com/price-trends/property-rates-for-buy-in-maharashtra_india-P3mm15uxln8blpmn0,TRUE,Bootstrap/model-development record; not a raw registered transaction.
46,Maharashtra,Thane,Thane,Main Residential,Independent House,Fully Furnished,1650,3,3,3,1,9691,10987.21,18130000,2026-09-14,Housing.com Maharashtra property-rate benchmark,published_market_benchmark,https://housing.com/price-trends/property-rates-for-buy-in-maharashtra_india-P3mm15uxln8blpmn0,TRUE,Bootstrap/model-development record; not a raw registered transaction.
47,Maharashtra,Thane,Thane,Main Residential,Independent House,Fully Furnished,2300,4,4,3,2,9691,11600.74,26680000,2026-09-14,Housing.com Maharashtra property-rate benchmark,published_market_benchmark,https://housing.com/price-trends/property-rates-for-buy-in-maharashtra_india-P3mm15uxln8blpmn0,TRUE,Bootstrap/model-development record; not a raw registered transaction.
48,Maharashtra,Thane,Thane,Main Residential,Villa,Semi-Furnished,2200,3,3,15,4,9691,10595.84,23310000,2026-09-14,Housing.com Maharashtra property-rate benchmark,published_market_benchmark,https://housing.com/price-trends/property-rates-for-buy-in-maharashtra_india-P3mm15uxln8blpmn0,TRUE,Bootstrap/model-development record; not a raw registered transaction.
49,Maharashtra,Thane,Thane,Main Residential,Villa,Fully Furnished,3000,4,4,10,2,9691,12505.0,37520000,2026-09-14,Housing.com Maharashtra property-rate benchmark,published_market_benchmark,https://housing.com/price-trends/property-rates-for-buy-in-maharashtra_india-P3mm15uxln8blpmn0,TRUE,Bootstrap/model-development record; not a raw registered transaction.
50,Maharashtra,Thane,Thane,Main Residential,Villa,Fully Furnished,4200,5,5,12,4,9691,13513.69,56760000,2026-09-14,Housing.com Maharashtra property-rate benchmark,published_market_benchmark,https://housing.com/price-trends/property-rates-for-buy-in-maharashtra_india-P3mm15uxln8blpmn0,TRUE,Bootstrap/model-development record; not a raw registered transaction.
51,Maharashtra,Thane,Thane,Growth / Peripheral,Apartment,Unfurnished,550,1,1,12,15,9691,7371.39,4050000,2026-09-14,Housing.com Maharashtra property-rate benchmark,published_market_benchmark,https://housing.com/price-trends/property-rates-for-buy-in-maharashtra_india-P3mm15uxln8blpmn0,TRUE,Bootstrap/model-development record; not a raw registered transaction.
52,Maharashtra,Thane,Thane,Growth / Peripheral,Apartment,Semi-Furnished,900,2,2,15,14,9691,7170.57,6450000,2026-09-14,Housing.com Maharashtra property-rate benchmark,published_market_benchmark,https://housing.com/price-trends/property-rates-for-buy-in-maharashtra_india-P3mm15uxln8blpmn0,TRUE,Bootstrap/model-development record; not a raw registered transaction.
53,Maharashtra,Thane,Thane,Growth / Peripheral,Apartment,Fully Furnished,1350,3,3,12,19,9691,8494.84,11470000,2026-09-14,Housing.com Maharashtra property-rate benchmark,published_market_benchmark,https://housing.com/price-trends/property-rates-for-buy-in-maharashtra_india-P3mm15uxln8blpmn0,TRUE,Bootstrap/model-development record; not a raw registered transaction.
54,Maharashtra,Thane,Thane,Growth / Peripheral,Apartment,Fully Furnished,1800,4,4,3,8,9691,9210.02,16580000,2026-09-14,Housing.com Maharashtra property-rate benchmark,published_market_benchmark,https://housing.com/price-trends/property-rates-for-buy-in-maharashtra_india-P3mm15uxln8blpmn0,TRUE,Bootstrap/model-development record; not a raw registered transaction.
55,Maharashtra,Thane,Thane,Growth / Peripheral,Independent House,Semi-Furnished,1100,2,2,10,1,9691,7395.86,8140000,2026-09-14,Housing.com Maharashtra property-rate benchmark,published_market_benchmark,https://housing.com/price-trends/property-rates-for-buy-in-maharashtra_india-P3mm15uxln8blpmn0,TRUE,Bootstrap/model-development record; not a raw registered transaction.
56,Maharashtra,Thane,Thane,Growth / Peripheral,Independent House,Fully Furnished,1650,3,3,1,4,9691,9495.43,15670000,2026-09-14,Housing.com Maharashtra property-rate benchmark,published_market_benchmark,https://housing.com/price-trends/property-rates-for-buy-in-maharashtra_india-P3mm15uxln8blpmn0,TRUE,Bootstrap/model-development record; not a raw registered transaction.
57,Maharashtra,Thane,Thane,Growth / Peripheral,Independent House,Fully Furnished,2300,4,4,10,4,9691,8787.47,20210000,2026-09-14,Housing.com Maharashtra property-rate benchmark,published_market_benchmark,https://housing.com/price-trends/property-rates-for-buy-in-maharashtra_india-P3mm15uxln8blpmn0,TRUE,Bootstrap/model-development record; not a raw registered transaction.
58,Maharashtra,Thane,Thane,Growth / Peripheral,Villa,Semi-Furnished,2200,3,3,5,3,9691,9776.14,21510000,2026-09-14,Housing.com Maharashtra property-rate benchmark,published_market_benchmark,https://housing.com/price-trends/property-rates-for-buy-in-maharashtra_india-P3mm15uxln8blpmn0,TRUE,Bootstrap/model-development record; not a raw registered transaction.
59,Maharashtra,Thane,Thane,Growth / Peripheral,Villa,Fully Furnished,3000,4,4,10,4,9691,9891.1,29670000,2026-09-14,Housing.com Maharashtra property-rate benchmark,published_market_benchmark,https://housing.com/price-trends/property-rates-for-buy-in-maharashtra_india-P3mm15uxln8blpmn0,TRUE,Bootstrap/model-development record; not a raw registered transaction.
60,Maharashtra,Thane,Thane,Growth / Peripheral,Villa,Fully Furnished,4200,5,5,12,3,9691,10732.34,45080000,2026-09-14,Housing.com Maharashtra property-rate benchmark,published_market_benchmark,https://housing.com/price-trends/property-rates-for-buy-in-maharashtra_india-P3mm15uxln8blpmn0,TRUE,Bootstrap/model-development record; not a raw registered transaction.
61,Maharashtra,Mumbai City,Mumbai,Core / Established,Apartment,Unfurnished,550,1,1,3,16,30000,35243.25,19380000,2026-09-14,Regional bootstrap estimate anchored to Maharashtra market benchmarks,derived_estimate,,TRUE,Bootstrap/model-development record; not a raw registered transaction.
62,Maharashtra,Mumbai City,Mumbai,Core / Established,Apartment,Semi-Furnished,900,2,2,5,13,30000,36659.25,32990000,2026-09-14,Regional bootstrap estimate anchored to Maharashtra market benchmarks,derived_estimate,,TRUE,Bootstrap/model-development record; not a raw registered transaction.
63,Maharashtra,Mumbai City,Mumbai,Core / Established,Apartment,Fully Furnished,1350,3,3,10,11,30000,35593.79,48050000,2026-09-14,Regional bootstrap estimate anchored to Maharashtra market benchmarks,derived_estimate,,TRUE,Bootstrap/model-development record; not a raw registered transaction.
64,Maharashtra,Mumbai City,Mumbai,Core / Established,Apartment,Fully Furnished,1800,4,4,3,17,30000,41502.18,74700000,2026-09-14,Regional bootstrap estimate anchored to Maharashtra market benchmarks,derived_estimate,,TRUE,Bootstrap/model-development record; not a raw registered transaction.
65,Maharashtra,Mumbai City,Mumbai,Core / Established,Independent House,Semi-Furnished,1100,2,2,5,1,30000,34579.21,38040000,2026-09-14,Regional bootstrap estimate anchored to Maharashtra market benchmarks,derived_estimate,,TRUE,Bootstrap/model-development record; not a raw registered transaction.
66,Maharashtra,Mumbai City,Mumbai,Core / Established,Independent House,Fully Furnished,1650,3,3,12,1,30000,35486.69,58550000,2026-09-14,Regional bootstrap estimate anchored to Maharashtra market benchmarks,derived_estimate,,TRUE,Bootstrap/model-development record; not a raw registered transaction.
67,Maharashtra,Mumbai City,Mumbai,Core / Established,Independent House,Fully Furnished,2300,4,4,10,3,30000,38764.46,89160000,2026-09-14,Regional bootstrap estimate anchored to Maharashtra market benchmarks,derived_estimate,,TRUE,Bootstrap/model-development record; not a raw registered transaction.
68,Maharashtra,Mumbai City,Mumbai,Core / Established,Villa,Semi-Furnished,2200,3,3,3,4,30000,46045.47,101300000,2026-09-14,Regional bootstrap estimate anchored to Maharashtra market benchmarks,derived_estimate,,TRUE,Bootstrap/model-development record; not a raw registered transaction.
69,Maharashtra,Mumbai City,Mumbai,Core / Established,Villa,Fully Furnished,3000,4,4,12,4,30000,43239.3,129720000,2026-09-14,Regional bootstrap estimate anchored to Maharashtra market benchmarks,derived_estimate,,TRUE,Bootstrap/model-development record; not a raw registered transaction.
70,Maharashtra,Mumbai City,Mumbai,Core / Established,Villa,Fully Furnished,4200,5,5,12,4,30000,48899.72,205380000,2026-09-14,Regional bootstrap estimate anchored to Maharashtra market benchmarks,derived_estimate,,TRUE,Bootstrap/model-development record; not a raw registered transaction.
71,Maharashtra,Mumbai City,Mumbai,Main Residential,Apartment,Unfurnished,550,1,1,10,15,30000,28177.55,15500000,2026-09-14,Regional bootstrap estimate anchored to Maharashtra market benchmarks,derived_estimate,,TRUE,Bootstrap/model-development record; not a raw registered transaction.
72,Maharashtra,Mumbai City,Mumbai,Main Residential,Apartment,Semi-Furnished,900,2,2,3,8,30000,32180.08,28960000,2026-09-14,Regional bootstrap estimate anchored to Maharashtra market benchmarks,derived_estimate,,TRUE,Bootstrap/model-development record; not a raw registered transaction.
73,Maharashtra,Mumbai City,Mumbai,Main Residential,Apartment,Fully Furnished,1350,3,3,12,12,30000,29693.64,40090000,2026-09-14,Regional bootstrap estimate anchored to Maharashtra market benchmarks,derived_estimate,,TRUE,Bootstrap/model-development record; not a raw registered transaction.
74,Maharashtra,Mumbai City,Mumbai,Main Residential,Apartment,Fully Furnished,1800,4,4,5,19,30000,34464.53,62040000,2026-09-14,Regional bootstrap estimate anchored to Maharashtra market benchmarks,derived_estimate,,TRUE,Bootstrap/model-development record; not a raw registered transaction.
75,Maharashtra,Mumbai City,Mumbai,Main Residential,Independent House,Semi-Furnished,1100,2,2,5,4,30000,29221.16,32140000,2026-09-14,Regional bootstrap estimate anchored to Maharashtra market benchmarks,derived_estimate,,TRUE,Bootstrap/model-development record; not a raw registered transaction.
76,Maharashtra,Mumbai City,Mumbai,Main Residential,Independent House,Fully Furnished,1650,3,3,7,2,30000,31181.44,51450000,2026-09-14,Regional bootstrap estimate anchored to Maharashtra market benchmarks,derived_estimate,,TRUE,Bootstrap/model-development record; not a raw registered transaction.
77,Maharashtra,Mumbai City,Mumbai,Main Residential,Independent House,Fully Furnished,2300,4,4,2,3,30000,37409.9,86040000,2026-09-14,Regional bootstrap estimate anchored to Maharashtra market benchmarks,derived_estimate,,TRUE,Bootstrap/model-development record; not a raw registered transaction.
78,Maharashtra,Mumbai City,Mumbai,Main Residential,Villa,Semi-Furnished,2200,3,3,10,4,30000,33698.77,74140000,2026-09-14,Regional bootstrap estimate anchored to Maharashtra market benchmarks,derived_estimate,,TRUE,Bootstrap/model-development record; not a raw registered transaction.
79,Maharashtra,Mumbai City,Mumbai,Main Residential,Villa,Fully Furnished,3000,4,4,1,5,30000,41363.61,124090000,2026-09-14,Regional bootstrap estimate anchored to Maharashtra market benchmarks,derived_estimate,,TRUE,Bootstrap/model-development record; not a raw registered transaction.
80,Maharashtra,Mumbai City,Mumbai,Main Residential,Villa,Fully Furnished,4200,5,5,7,1,30000,42640.44,179090000,2026-09-14,Regional bootstrap estimate anchored to Maharashtra market benchmarks,derived_estimate,,TRUE,Bootstrap/model-development record; not a raw registered transaction.
81,Maharashtra,Mumbai City,Mumbai,Growth / Peripheral,Apartment,Unfurnished,550,1,1,1,16,30000,25542.0,14050000,2026-09-14,Regional bootstrap estimate anchored to Maharashtra market benchmarks,derived_estimate,,TRUE,Bootstrap/model-development record; not a raw registered transaction.
82,Maharashtra,Mumbai City,Mumbai,Growth / Peripheral,Apartment,Semi-Furnished,900,2,2,2,2,30000,25139.9,22630000,2026-09-14,Regional bootstrap estimate anchored to Maharashtra market benchmarks,derived_estimate,,TRUE,Bootstrap/model-development record; not a raw registered transaction.
83,Maharashtra,Mumbai City,Mumbai,Growth / Peripheral,Apartment,Fully Furnished,1350,3,3,1,14,30000,30169.83,40730000,2026-09-14,Regional bootstrap estimate anchored to Maharashtra market benchmarks,derived_estimate,,TRUE,Bootstrap/model-development record; not a raw registered transaction.
84,Maharashtra,Mumbai City,Mumbai,Growth / Peripheral,Apartment,Fully Furnished,1800,4,4,5,8,30000,29067.55,52320000,2026-09-14,Regional bootstrap estimate anchored to Maharashtra market benchmarks,derived_estimate,,TRUE,Bootstrap/model-development record; not a raw registered transaction.
85,Maharashtra,Mumbai City,Mumbai,Growth / Peripheral,Independent House,Semi-Furnished,1100,2,2,15,3,30000,21942.56,24140000,2026-09-14,Regional bootstrap estimate anchored to Maharashtra market benchmarks,derived_estimate,,TRUE,Bootstrap/model-development record; not a raw registered transaction.
86,Maharashtra,Mumbai City,Mumbai,Growth / Peripheral,Independent House,Fully Furnished,1650,3,3,12,3,30000,24884.15,41060000,2026-09-14,Regional bootstrap estimate anchored to Maharashtra market benchmarks,derived_estimate,,TRUE,Bootstrap/model-development record; not a raw registered transaction.
87,Maharashtra,Mumbai City,Mumbai,Growth / Peripheral,Independent House,Fully Furnished,2300,4,4,2,3,30000,29494.11,67840000,2026-09-14,Regional bootstrap estimate anchored to Maharashtra market benchmarks,derived_estimate,,TRUE,Bootstrap/model-development record; not a raw registered transaction.
88,Maharashtra,Mumbai City,Mumbai,Growth / Peripheral,Villa,Semi-Furnished,2200,3,3,1,5,30000,32856.98,72290000,2026-09-14,Regional bootstrap estimate anchored to Maharashtra market benchmarks,derived_estimate,,TRUE,Bootstrap/model-development record; not a raw registered transaction.
89,Maharashtra,Mumbai City,Mumbai,Growth / Peripheral,Villa,Fully Furnished,3000,4,4,7,1,30000,33899.25,101700000,2026-09-14,Regional bootstrap estimate anchored to Maharashtra market benchmarks,derived_estimate,,TRUE,Bootstrap/model-development record; not a raw registered transaction.
90,Maharashtra,Mumbai City,Mumbai,Growth / Peripheral,Villa,Fully Furnished,4200,5,5,7,2,30000,37544.69,157690000,2026-09-14,Regional bootstrap estimate anchored to Maharashtra market benchmarks,derived_estimate,,TRUE,Bootstrap/model-development record; not a raw registered transaction.
91,Maharashtra,Mumbai Suburban,Mumbai,Core / Established,Apartment,Unfurnished,550,1,1,2,11,25000,29710.63,16340000,2026-09-14,Regional bootstrap estimate anchored to Maharashtra market benchmarks,derived_estimate,,TRUE,Bootstrap/model-development record; not a raw registered transaction.
92,Maharashtra,Mumbai Suburban,Mumbai,Core / Established,Apartment,Semi-Furnished,900,2,2,12,2,25000,26499.22,23850000,2026-09-14,Regional bootstrap estimate anchored to Maharashtra market benchmarks,derived_estimate,,TRUE,Bootstrap/model-development record; not a raw registered transaction.
93,Maharashtra,Mumbai Suburban,Mumbai,Core / Established,Apartment,Fully Furnished,1350,3,3,15,13,25000,27509.92,37140000,2026-09-14,Regional bootstrap estimate anchored to Maharashtra market benchmarks,derived_estimate,,TRUE,Bootstrap/model-development record; not a raw registered transaction.
94,Maharashtra,Mumbai Suburban,Mumbai,Core / Established,Apartment,Fully Furnished,1800,4,4,12,14,25000,30748.87,55350000,2026-09-14,Regional bootstrap estimate anchored to Maharashtra market benchmarks,derived_estimate,,TRUE,Bootstrap/model-development record; not a raw registered transaction.
95,Maharashtra,Mumbai Suburban,Mumbai,Core / Established,Independent House,Semi-Furnished,1100,2,2,7,3,25000,29448.58,32390000,2026-09-14,Regional bootstrap estimate anchored to Maharashtra market benchmarks,derived_estimate,,TRUE,Bootstrap/model-development record; not a raw registered transaction.
96,Maharashtra,Mumbai Suburban,Mumbai,Core / Established,Independent House,Fully Furnished,1650,3,3,5,1,25000,31290.8,51630000,2026-09-14,Regional bootstrap estimate anchored to Maharashtra market benchmarks,derived_estimate,,TRUE,Bootstrap/model-development record; not a raw registered transaction.
97,Maharashtra,Mumbai Suburban,Mumbai,Core / Established,Independent House,Fully Furnished,2300,4,4,7,4,25000,34325.89,78950000,2026-09-14,Regional bootstrap estimate anchored to Maharashtra market benchmarks,derived_estimate,,TRUE,Bootstrap/model-development record; not a raw registered transaction.
98,Maharashtra,Mumbai Suburban,Mumbai,Core / Established,Villa,Semi-Furnished,2200,3,3,12,3,25000,32800.75,72160000,2026-09-14,Regional bootstrap estimate anchored to Maharashtra market benchmarks,derived_estimate,,TRUE,Bootstrap/model-development record; not a raw registered transaction.
99,Maharashtra,Mumbai Suburban,Mumbai,Core / Established,Villa,Fully Furnished,3000,4,4,5,5,25000,38273.01,114820000,2026-09-14,Regional bootstrap estimate anchored to Maharashtra market benchmarks,derived_estimate,,TRUE,Bootstrap/model-development record; not a raw registered transaction.
100,Maharashtra,Mumbai Suburban,Mumbai,Core / Established,Villa,Fully Furnished,4200,5,5,15,1,25000,36925.93,155090000,2026-09-14,Regional bootstrap estimate anchored to Maharashtra market benchmarks,derived_estimate,,TRUE,Bootstrap/model-development record; not a raw registered transaction.
101,Maharashtra,Mumbai Suburban,Mumbai,Main Residential,Apartment,Unfurnished,550,1,1,7,20,25000,24070.25,13240000,2026-09-14,Regional bootstrap estimate anchored to Maharashtra market benchmarks,derived_estimate,,TRUE,Bootstrap/model-development record; not a raw registered transaction.
102,Maharashtra,Mumbai Suburban,Mumbai,Main Residential,Apartment,Semi-Furnished,900,2,2,1,5,25000,26975.85,24280000,2026-09-14,Regional bootstrap estimate anchored to Maharashtra market benchmarks,derived_estimate,,TRUE,Bootstrap/model-development record; not a raw registered transaction.
103,Maharashtra,Mumbai Suburban,Mumbai,Main Residential,Apartment,Fully Furnished,1350,3,3,7,20,25000,26331.35,35550000,2026-09-14,Regional bootstrap estimate anchored to Maharashtra market benchmarks,derived_estimate,,TRUE,Bootstrap/model-development record; not a raw registered transaction.
104,Maharashtra,Mumbai Suburban,Mumbai,Main Residential,Apartment,Fully Furnished,1800,4,4,5,3,25000,28004.52,50410000,2026-09-14,Regional bootstrap estimate anchored to Maharashtra market benchmarks,derived_estimate,,TRUE,Bootstrap/model-development record; not a raw registered transaction.
105,Maharashtra,Mumbai Suburban,Mumbai,Main Residential,Independent House,Semi-Furnished,1100,2,2,5,1,25000,24894.79,27380000,2026-09-14,Regional bootstrap estimate anchored to Maharashtra market benchmarks,derived_estimate,,TRUE,Bootstrap/model-development record; not a raw registered transaction.
106,Maharashtra,Mumbai Suburban,Mumbai,Main Residential,Independent House,Fully Furnished,1650,3,3,7,5,25000,25329.71,41790000,2026-09-14,Regional bootstrap estimate anchored to Maharashtra market benchmarks,derived_estimate,,TRUE,Bootstrap/model-development record; not a raw registered transaction.
107,Maharashtra,Mumbai Suburban,Mumbai,Main Residential,Independent House,Fully Furnished,2300,4,4,12,4,25000,27349.12,62900000,2026-09-14,Regional bootstrap estimate anchored to Maharashtra market benchmarks,derived_estimate,,TRUE,Bootstrap/model-development record; not a raw registered transaction.
108,Maharashtra,Mumbai Suburban,Mumbai,Main Residential,Villa,Semi-Furnished,2200,3,3,10,1,25000,28126.41,61880000,2026-09-14,Regional bootstrap estimate anchored to Maharashtra market benchmarks,derived_estimate,,TRUE,Bootstrap/model-development record; not a raw registered transaction.
109,Maharashtra,Mumbai Suburban,Mumbai,Main Residential,Villa,Fully Furnished,3000,4,4,7,5,25000,33199.47,99600000,2026-09-14,Regional bootstrap estimate anchored to Maharashtra market benchmarks,derived_estimate,,TRUE,Bootstrap/model-development record; not a raw registered transaction.
110,Maharashtra,Mumbai Suburban,Mumbai,Main Residential,Villa,Fully Furnished,4200,5,5,10,5,25000,35008.25,147030000,2026-09-14,Regional bootstrap estimate anchored to Maharashtra market benchmarks,derived_estimate,,TRUE,Bootstrap/model-development record; not a raw registered transaction.
111,Maharashtra,Mumbai Suburban,Mumbai,Growth / Peripheral,Apartment,Unfurnished,550,1,1,15,14,25000,18400.1,10120000,2026-09-14,Regional bootstrap estimate anchored to Maharashtra market benchmarks,derived_estimate,,TRUE,Bootstrap/model-development record; not a raw registered transaction.
112,Maharashtra,Mumbai Suburban,Mumbai,Growth / Peripheral,Apartment,Semi-Furnished,900,2,2,1,16,25000,22678.08,20410000,2026-09-14,Regional bootstrap estimate anchored to Maharashtra market benchmarks,derived_estimate,,TRUE,Bootstrap/model-development record; not a raw registered transaction.
113,Maharashtra,Mumbai Suburban,Mumbai,Growth / Peripheral,Apartment,Fully Furnished,1350,3,3,15,6,25000,19127.66,25820000,2026-09-14,Regional bootstrap estimate anchored to Maharashtra market benchmarks,derived_estimate,,TRUE,Bootstrap/model-development record; not a raw registered transaction.
114,Maharashtra,Mumbai Suburban,Mumbai,Growth / Peripheral,Apartment,Fully Furnished,1800,4,4,7,10,25000,22507.67,40510000,2026-09-14,Regional bootstrap estimate anchored to Maharashtra market benchmarks,derived_estimate,,TRUE,Bootstrap/model-development record; not a raw registered transaction.
115,Maharashtra,Mumbai Suburban,Mumbai,Growth / Peripheral,Independent House,Semi-Furnished,1100,2,2,1,5,25000,22790.77,25070000,2026-09-14,Regional bootstrap estimate anchored to Maharashtra market benchmarks,derived_estimate,,TRUE,Bootstrap/model-development record; not a raw registered transaction.
116,Maharashtra,Mumbai Suburban,Mumbai,Growth / Peripheral,Independent House,Fully Furnished,1650,3,3,3,1,25000,22877.26,37750000,2026-09-14,Regional bootstrap estimate anchored to Maharashtra market benchmarks,derived_estimate,,TRUE,Bootstrap/model-development record; not a raw registered transaction.
117,Maharashtra,Mumbai Suburban,Mumbai,Growth / Peripheral,Independent House,Fully Furnished,2300,4,4,5,2,25000,23725.01,54570000,2026-09-14,Regional bootstrap estimate anchored to Maharashtra market benchmarks,derived_estimate,,TRUE,Bootstrap/model-development record; not a raw registered transaction.
118,Maharashtra,Mumbai Suburban,Mumbai,Growth / Peripheral,Villa,Semi-Furnished,2200,3,3,12,2,25000,23984.29,52770000,2026-09-14,Regional bootstrap estimate anchored to Maharashtra market benchmarks,derived_estimate,,TRUE,Bootstrap/model-development record; not a raw registered transaction.
119,Maharashtra,Mumbai Suburban,Mumbai,Growth / Peripheral,Villa,Fully Furnished,3000,4,4,15,1,25000,25010.18,75030000,2026-09-14,Regional bootstrap estimate anchored to Maharashtra market benchmarks,derived_estimate,,TRUE,Bootstrap/model-development record; not a raw registered transaction.
120,Maharashtra,Mumbai Suburban,Mumbai,Growth / Peripheral,Villa,Fully Furnished,4200,5,5,1,1,25000,31857.22,133800000,2026-09-14,Regional bootstrap estimate anchored to Maharashtra market benchmarks,derived_estimate,,TRUE,Bootstrap/model-development record; not a raw registered transaction.
121,Maharashtra,Raigad,Alibag,Core / Established,Apartment,Unfurnished,550,1,1,12,17,4630,4762.26,2620000,2026-09-14,Housing.com Maharashtra property-rate benchmark,published_market_benchmark,https://housing.com/price-trends/property-rates-for-buy-in-maharashtra_india-P3mm15uxln8blpmn0,TRUE,Bootstrap/model-development record; not a raw registered transaction.
122,Maharashtra,Raigad,Alibag,Core / Established,Apartment,Semi-Furnished,900,2,2,12,9,4630,5043.6,4540000,2026-09-14,Housing.com Maharashtra property-rate benchmark,published_market_benchmark,https://housing.com/price-trends/property-rates-for-buy-in-maharashtra_india-P3mm15uxln8blpmn0,TRUE,Bootstrap/model-development record; not a raw registered transaction.
123,Maharashtra,Raigad,Alibag,Core / Established,Apartment,Fully Furnished,1350,3,3,10,12,4630,5739.33,7750000,2026-09-14,Housing.com Maharashtra property-rate benchmark,published_market_benchmark,https://housing.com/price-trends/property-rates-for-buy-in-maharashtra_india-P3mm15uxln8blpmn0,TRUE,Bootstrap/model-development record; not a raw registered transaction.
124,Maharashtra,Raigad,Alibag,Core / Established,Apartment,Fully Furnished,1800,4,4,5,3,4630,5886.24,10600000,2026-09-14,Housing.com Maharashtra property-rate benchmark,published_market_benchmark,https://housing.com/price-trends/property-rates-for-buy-in-maharashtra_india-P3mm15uxln8blpmn0,TRUE,Bootstrap/model-development record; not a raw registered transaction.
125,Maharashtra,Raigad,Alibag,Core / Established,Independent House,Semi-Furnished,1100,2,2,3,5,4630,5493.07,6040000,2026-09-14,Housing.com Maharashtra property-rate benchmark,published_market_benchmark,https://housing.com/price-trends/property-rates-for-buy-in-maharashtra_india-P3mm15uxln8blpmn0,TRUE,Bootstrap/model-development record; not a raw registered transaction.
126,Maharashtra,Raigad,Alibag,Core / Established,Independent House,Fully Furnished,1650,3,3,5,3,4630,5888.77,9720000,2026-09-14,Housing.com Maharashtra property-rate benchmark,published_market_benchmark,https://housing.com/price-trends/property-rates-for-buy-in-maharashtra_india-P3mm15uxln8blpmn0,TRUE,Bootstrap/model-development record; not a raw registered transaction.
127,Maharashtra,Raigad,Alibag,Core / Established,Independent House,Fully Furnished,2300,4,4,7,5,4630,6418.27,14760000,2026-09-14,Housing.com Maharashtra property-rate benchmark,published_market_benchmark,https://housing.com/price-trends/property-rates-for-buy-in-maharashtra_india-P3mm15uxln8blpmn0,TRUE,Bootstrap/model-development record; not a raw registered transaction.
128,Maharashtra,Raigad,Alibag,Core / Established,Villa,Semi-Furnished,2200,3,3,3,1,4630,6897.55,15170000,2026-09-14,Housing.com Maharashtra property-rate benchmark,published_market_benchmark,https://housing.com/price-trends/property-rates-for-buy-in-maharashtra_india-P3mm15uxln8blpmn0,TRUE,Bootstrap/model-development record; not a raw registered transaction.
129,Maharashtra,Raigad,Alibag,Core / Established,Villa,Fully Furnished,3000,4,4,1,3,4630,7937.03,23810000,2026-09-14,Housing.com Maharashtra property-rate benchmark,published_market_benchmark,https://housing.com/price-trends/property-rates-for-buy-in-maharashtra_india-P3mm15uxln8blpmn0,TRUE,Bootstrap/model-development record; not a raw registered transaction.
130,Maharashtra,Raigad,Alibag,Core / Established,Villa,Fully Furnished,4200,5,5,3,4,4630,8205.45,34460000,2026-09-14,Housing.com Maharashtra property-rate benchmark,published_market_benchmark,https://housing.com/price-trends/property-rates-for-buy-in-maharashtra_india-P3mm15uxln8blpmn0,TRUE,Bootstrap/model-development record; not a raw registered transaction.
131,Maharashtra,Raigad,Alibag,Main Residential,Apartment,Unfurnished,550,1,1,1,2,4630,4686.51,2580000,2026-09-14,Housing.com Maharashtra property-rate benchmark,published_market_benchmark,https://housing.com/price-trends/property-rates-for-buy-in-maharashtra_india-P3mm15uxln8blpmn0,TRUE,Bootstrap/model-development record; not a raw registered transaction.
132,Maharashtra,Raigad,Alibag,Main Residential,Apartment,Semi-Furnished,900,2,2,7,11,4630,4634.3,4170000,2026-09-14,Housing.com Maharashtra property-rate benchmark,published_market_benchmark,https://housing.com/price-trends/property-rates-for-buy-in-maharashtra_india-P3mm15uxln8blpmn0,TRUE,Bootstrap/model-development record; not a raw registered transaction.
133,Maharashtra,Raigad,Alibag,Main Residential,Apartment,Fully Furnished,1350,3,3,12,8,4630,4711.04,6360000,2026-09-14,Housing.com Maharashtra property-rate benchmark,published_market_benchmark,https://housing.com/price-trends/property-rates-for-buy-in-maharashtra_india-P3mm15uxln8blpmn0,TRUE,Bootstrap/model-development record; not a raw registered transaction.
134,Maharashtra,Raigad,Alibag,Main Residential,Apartment,Fully Furnished,1800,4,4,2,13,4630,5718.64,10290000,2026-09-14,Housing.com Maharashtra property-rate benchmark,published_market_benchmark,https://housing.com/price-trends/property-rates-for-buy-in-maharashtra_india-P3mm15uxln8blpmn0,TRUE,Bootstrap/model-development record; not a raw registered transaction.
135,Maharashtra,Raigad,Alibag,Main Residential,Independent House,Semi-Furnished,1100,2,2,10,3,4630,4372.31,4810000,2026-09-14,Housing.com Maharashtra property-rate benchmark,published_market_benchmark,https://housing.com/price-trends/property-rates-for-buy-in-maharashtra_india-P3mm15uxln8blpmn0,TRUE,Bootstrap/model-development record; not a raw registered transaction.
136,Maharashtra,Raigad,Alibag,Main Residential,Independent House,Fully Furnished,1650,3,3,7,2,4630,4818.22,7950000,2026-09-14,Housing.com Maharashtra property-rate benchmark,published_market_benchmark,https://housing.com/price-trends/property-rates-for-buy-in-maharashtra_india-P3mm15uxln8blpmn0,TRUE,Bootstrap/model-development record; not a raw registered transaction.
137,Maharashtra,Raigad,Alibag,Main Residential,Independent House,Fully Furnished,2300,4,4,7,2,4630,5386.07,12390000,2026-09-14,Housing.com Maharashtra property-rate benchmark,published_market_benchmark,https://housing.com/price-trends/property-rates-for-buy-in-maharashtra_india-P3mm15uxln8blpmn0,TRUE,Bootstrap/model-development record; not a raw registered transaction.
138,Maharashtra,Raigad,Alibag,Main Residential,Villa,Semi-Furnished,2200,3,3,2,2,4630,5754.38,12660000,2026-09-14,Housing.com Maharashtra property-rate benchmark,published_market_benchmark,https://housing.com/price-trends/property-rates-for-buy-in-maharashtra_india-P3mm15uxln8blpmn0,TRUE,Bootstrap/model-development record; not a raw registered transaction.
139,Maharashtra,Raigad,Alibag,Main Residential,Villa,Fully Furnished,3000,4,4,15,5,4630,5645.26,16940000,2026-09-14,Housing.com Maharashtra property-rate benchmark,published_market_benchmark,https://housing.com/price-trends/property-rates-for-buy-in-maharashtra_india-P3mm15uxln8blpmn0,TRUE,Bootstrap/model-development record; not a raw registered transaction.
140,Maharashtra,Raigad,Alibag,Main Residential,Villa,Fully Furnished,4200,5,5,12,3,4630,6470.39,27180000,2026-09-14,Housing.com Maharashtra property-rate benchmark,published_market_benchmark,https://housing.com/price-trends/property-rates-for-buy-in-maharashtra_india-P3mm15uxln8blpmn0,TRUE,Bootstrap/model-development record; not a raw registered transaction.
141,Maharashtra,Raigad,Alibag,Growth / Peripheral,Apartment,Unfurnished,550,1,1,7,2,4630,3667.22,2020000,2026-09-14,Housing.com Maharashtra property-rate benchmark,published_market_benchmark,https://housing.com/price-trends/property-rates-for-buy-in-maharashtra_india-P3mm15uxln8blpmn0,TRUE,Bootstrap/model-development record; not a raw registered transaction.
142,Maharashtra,Raigad,Alibag,Growth / Peripheral,Apartment,Semi-Furnished,900,2,2,7,6,4630,3761.62,3390000,2026-09-14,Housing.com Maharashtra property-rate benchmark,published_market_benchmark,https://housing.com/price-trends/property-rates-for-buy-in-maharashtra_india-P3mm15uxln8blpmn0,TRUE,Bootstrap/model-development record; not a raw registered transaction.
143,Maharashtra,Raigad,Alibag,Growth / Peripheral,Apartment,Fully Furnished,1350,3,3,1,15,4630,4735.87,6390000,2026-09-14,Housing.com Maharashtra property-rate benchmark,published_market_benchmark,https://housing.com/price-trends/property-rates-for-buy-in-maharashtra_india-P3mm15uxln8blpmn0,TRUE,Bootstrap/model-development record; not a raw registered transaction.
144,Maharashtra,Raigad,Alibag,Growth / Peripheral,Apartment,Fully Furnished,1800,4,4,5,4,4630,4330.11,7790000,2026-09-14,Housing.com Maharashtra property-rate benchmark,published_market_benchmark,https://housing.com/price-trends/property-rates-for-buy-in-maharashtra_india-P3mm15uxln8blpmn0,TRUE,Bootstrap/model-development record; not a raw registered transaction.
145,Maharashtra,Raigad,Alibag,Growth / Peripheral,Independent House,Semi-Furnished,1100,2,2,7,2,4630,3697.56,4070000,2026-09-14,Housing.com Maharashtra property-rate benchmark,published_market_benchmark,https://housing.com/price-trends/property-rates-for-buy-in-maharashtra_india-P3mm15uxln8blpmn0,TRUE,Bootstrap/model-development record; not a raw registered transaction.
146,Maharashtra,Raigad,Alibag,Growth / Peripheral,Independent House,Fully Furnished,1650,3,3,12,4,4630,3701.82,6110000,2026-09-14,Housing.com Maharashtra property-rate benchmark,published_market_benchmark,https://housing.com/price-trends/property-rates-for-buy-in-maharashtra_india-P3mm15uxln8blpmn0,TRUE,Bootstrap/model-development record; not a raw registered transaction.
147,Maharashtra,Raigad,Alibag,Growth / Peripheral,Independent House,Fully Furnished,2300,4,4,1,3,4630,4882.52,11230000,2026-09-14,Housing.com Maharashtra property-rate benchmark,published_market_benchmark,https://housing.com/price-trends/property-rates-for-buy-in-maharashtra_india-P3mm15uxln8blpmn0,TRUE,Bootstrap/model-development record; not a raw registered transaction.
148,Maharashtra,Raigad,Alibag,Growth / Peripheral,Villa,Semi-Furnished,2200,3,3,15,2,4630,4214.39,9270000,2026-09-14,Housing.com Maharashtra property-rate benchmark,published_market_benchmark,https://housing.com/price-trends/property-rates-for-buy-in-maharashtra_india-P3mm15uxln8blpmn0,TRUE,Bootstrap/model-development record; not a raw registered transaction.
149,Maharashtra,Raigad,Alibag,Growth / Peripheral,Villa,Fully Furnished,3000,4,4,12,3,4630,4860.05,14580000,2026-09-14,Housing.com Maharashtra property-rate benchmark,published_market_benchmark,https://housing.com/price-trends/property-rates-for-buy-in-maharashtra_india-P3mm15uxln8blpmn0,TRUE,Bootstrap/model-development record; not a raw registered transaction.
150,Maharashtra,Raigad,Alibag,Growth / Peripheral,Villa,Fully Furnished,4200,5,5,10,5,4630,5384.18,22610000,2026-09-14,Housing.com Maharashtra property-rate benchmark,published_market_benchmark,https://housing.com/price-trends/property-rates-for-buy-in-maharashtra_india-P3mm15uxln8blpmn0,TRUE,Bootstrap/model-development record; not a raw registered transaction.
151,Maharashtra,Ratnagiri,Ratnagiri,Core / Established,Apartment,Unfurnished,550,1,1,15,8,3840,3677.04,2020000,2026-09-14,Housing.com Maharashtra property-rate benchmark,published_market_benchmark,https://housing.com/price-trends/property-rates-for-buy-in-maharashtra_india-P3mm15uxln8blpmn0,TRUE,Bootstrap/model-development record; not a raw registered transaction.
152,Maharashtra,Ratnagiri,Ratnagiri,Core / Established,Apartment,Semi-Furnished,900,2,2,12,11,3840,4436.27,3990000,2026-09-14,Housing.com Maharashtra property-rate benchmark,published_market_benchmark,https://housing.com/price-trends/property-rates-for-buy-in-maharashtra_india-P3mm15uxln8blpmn0,TRUE,Bootstrap/model-development record; not a raw registered transaction.
153,Maharashtra,Ratnagiri,Ratnagiri,Core / Established,Apartment,Fully Furnished,1350,3,3,10,6,3840,4583.61,6190000,2026-09-14,Housing.com Maharashtra property-rate benchmark,published_market_benchmark,https://housing.com/price-trends/property-rates-for-buy-in-maharashtra_india-P3mm15uxln8blpmn0,TRUE,Bootstrap/model-development record; not a raw registered transaction.
154,Maharashtra,Ratnagiri,Ratnagiri,Core / Established,Apartment,Fully Furnished,1800,4,4,7,12,3840,5236.45,9430000,2026-09-14,Housing.com Maharashtra property-rate benchmark,published_market_benchmark,https://housing.com/price-trends/property-rates-for-buy-in-maharashtra_india-P3mm15uxln8blpmn0,TRUE,Bootstrap/model-development record; not a raw registered transaction.
155,Maharashtra,Ratnagiri,Ratnagiri,Core / Established,Independent House,Semi-Furnished,1100,2,2,2,2,3840,4710.81,5180000,2026-09-14,Housing.com Maharashtra property-rate benchmark,published_market_benchmark,https://housing.com/price-trends/property-rates-for-buy-in-maharashtra_india-P3mm15uxln8blpmn0,TRUE,Bootstrap/model-development record; not a raw registered transaction.
156,Maharashtra,Ratnagiri,Ratnagiri,Core / Established,Independent House,Fully Furnished,1650,3,3,2,1,3840,4938.66,8150000,2026-09-14,Housing.com Maharashtra property-rate benchmark,published_market_benchmark,https://housing.com/price-trends/property-rates-for-buy-in-maharashtra_india-P3mm15uxln8blpmn0,TRUE,Bootstrap/model-development record; not a raw registered transaction.
157,Maharashtra,Ratnagiri,Ratnagiri,Core / Established,Independent House,Fully Furnished,2300,4,4,15,3,3840,4552.62,10470000,2026-09-14,Housing.com Maharashtra property-rate benchmark,published_market_benchmark,https://housing.com/price-trends/property-rates-for-buy-in-maharashtra_india-P3mm15uxln8blpmn0,TRUE,Bootstrap/model-development record; not a raw registered transaction.
158,Maharashtra,Ratnagiri,Ratnagiri,Core / Established,Villa,Semi-Furnished,2200,3,3,1,3,3840,5981.11,13160000,2026-09-14,Housing.com Maharashtra property-rate benchmark,published_market_benchmark,https://housing.com/price-trends/property-rates-for-buy-in-maharashtra_india-P3mm15uxln8blpmn0,TRUE,Bootstrap/model-development record; not a raw registered transaction.
159,Maharashtra,Ratnagiri,Ratnagiri,Core / Established,Villa,Fully Furnished,3000,4,4,10,2,3840,5565.51,16700000,2026-09-14,Housing.com Maharashtra property-rate benchmark,published_market_benchmark,https://housing.com/price-trends/property-rates-for-buy-in-maharashtra_india-P3mm15uxln8blpmn0,TRUE,Bootstrap/model-development record; not a raw registered transaction.
160,Maharashtra,Ratnagiri,Ratnagiri,Core / Established,Villa,Fully Furnished,4200,5,5,10,5,3840,6522.23,27390000,2026-09-14,Housing.com Maharashtra property-rate benchmark,published_market_benchmark,https://housing.com/price-trends/property-rates-for-buy-in-maharashtra_india-P3mm15uxln8blpmn0,TRUE,Bootstrap/model-development record; not a raw registered transaction.
161,Maharashtra,Ratnagiri,Ratnagiri,Main Residential,Apartment,Unfurnished,550,1,1,10,10,3840,3471.99,1910000,2026-09-14,Housing.com Maharashtra property-rate benchmark,published_market_benchmark,https://housing.com/price-trends/property-rates-for-buy-in-maharashtra_india-P3mm15uxln8blpmn0,TRUE,Bootstrap/model-development record; not a raw registered transaction.
162,Maharashtra,Ratnagiri,Ratnagiri,Main Residential,Apartment,Semi-Furnished,900,2,2,10,3,3840,3674.5,3310000,2026-09-14,Housing.com Maharashtra property-rate benchmark,published_market_benchmark,https://housing.com/price-trends/property-rates-for-buy-in-maharashtra_india-P3mm15uxln8blpmn0,TRUE,Bootstrap/model-development record; not a raw registered transaction.
163,Maharashtra,Ratnagiri,Ratnagiri,Main Residential,Apartment,Fully Furnished,1350,3,3,1,7,3840,4231.22,5710000,2026-09-14,Housing.com Maharashtra property-rate benchmark,published_market_benchmark,https://housing.com/price-trends/property-rates-for-buy-in-maharashtra_india-P3mm15uxln8blpmn0,TRUE,Bootstrap/model-development record; not a raw registered transaction.
164,Maharashtra,Ratnagiri,Ratnagiri,Main Residential,Apartment,Fully Furnished,1800,4,4,7,10,3840,4188.83,7540000,2026-09-14,Housing.com Maharashtra property-rate benchmark,published_market_benchmark,https://housing.com/price-trends/property-rates-for-buy-in-maharashtra_india-P3mm15uxln8blpmn0,TRUE,Bootstrap/model-development record; not a raw registered transaction.
165,Maharashtra,Ratnagiri,Ratnagiri,Main Residential,Independent House,Semi-Furnished,1100,2,2,2,1,3840,4006.15,4410000,2026-09-14,Housing.com Maharashtra property-rate benchmark,published_market_benchmark,https://housing.com/price-trends/property-rates-for-buy-in-maharashtra_india-P3mm15uxln8blpmn0,TRUE,Bootstrap/model-development record; not a raw registered transaction.
166,Maharashtra,Ratnagiri,Ratnagiri,Main Residential,Independent House,Fully Furnished,1650,3,3,5,5,3840,4136.71,6830000,2026-09-14,Housing.com Maharashtra property-rate benchmark,published_market_benchmark,https://housing.com/price-trends/property-rates-for-buy-in-maharashtra_india-P3mm15uxln8blpmn0,TRUE,Bootstrap/model-development record; not a raw registered transaction.
167,Maharashtra,Ratnagiri,Ratnagiri,Main Residential,Independent House,Fully Furnished,2300,4,4,10,5,3840,4301.04,9890000,2026-09-14,Housing.com Maharashtra property-rate benchmark,published_market_benchmark,https://housing.com/price-trends/property-rates-for-buy-in-maharashtra_india-P3mm15uxln8blpmn0,TRUE,Bootstrap/model-development record; not a raw registered transaction.
168,Maharashtra,Ratnagiri,Ratnagiri,Main Residential,Villa,Semi-Furnished,2200,3,3,15,2,3840,4003.03,8810000,2026-09-14,Housing.com Maharashtra property-rate benchmark,published_market_benchmark,https://housing.com/price-trends/property-rates-for-buy-in-maharashtra_india-P3mm15uxln8blpmn0,TRUE,Bootstrap/model-development record; not a raw registered transaction.
169,Maharashtra,Ratnagiri,Ratnagiri,Main Residential,Villa,Fully Furnished,3000,4,4,12,3,3840,4680.09,14040000,2026-09-14,Housing.com Maharashtra property-rate benchmark,published_market_benchmark,https://housing.com/price-trends/property-rates-for-buy-in-maharashtra_india-P3mm15uxln8blpmn0,TRUE,Bootstrap/model-development record; not a raw registered transaction.
170,Maharashtra,Ratnagiri,Ratnagiri,Main Residential,Villa,Fully Furnished,4200,5,5,1,2,3840,6165.67,25900000,2026-09-14,Housing.com Maharashtra property-rate benchmark,published_market_benchmark,https://housing.com/price-trends/property-rates-for-buy-in-maharashtra_india-P3mm15uxln8blpmn0,TRUE,Bootstrap/model-development record; not a raw registered transaction.
171,Maharashtra,Ratnagiri,Ratnagiri,Growth / Peripheral,Apartment,Unfurnished,550,1,1,15,2,3840,2727.26,1500000,2026-09-14,Housing.com Maharashtra property-rate benchmark,published_market_benchmark,https://housing.com/price-trends/property-rates-for-buy-in-maharashtra_india-P3mm15uxln8blpmn0,TRUE,Bootstrap/model-development record; not a raw registered transaction.
172,Maharashtra,Ratnagiri,Ratnagiri,Growth / Peripheral,Apartment,Semi-Furnished,900,2,2,10,10,3840,3163.99,2850000,2026-09-14,Housing.com Maharashtra property-rate benchmark,published_market_benchmark,https://housing.com/price-trends/property-rates-for-buy-in-maharashtra_india-P3mm15uxln8blpmn0,TRUE,Bootstrap/model-development record; not a raw registered transaction.
173,Maharashtra,Ratnagiri,Ratnagiri,Growth / Peripheral,Apartment,Fully Furnished,1350,3,3,7,13,3840,3372.18,4550000,2026-09-14,Housing.com Maharashtra property-rate benchmark,published_market_benchmark,https://housing.com/price-trends/property-rates-for-buy-in-maharashtra_india-P3mm15uxln8blpmn0,TRUE,Bootstrap/model-development record; not a raw registered transaction.
174,Maharashtra,Ratnagiri,Ratnagiri,Growth / Peripheral,Apartment,Fully Furnished,1800,4,4,15,6,3840,3215.66,5790000,2026-09-14,Housing.com Maharashtra property-rate benchmark,published_market_benchmark,https://housing.com/price-trends/property-rates-for-buy-in-maharashtra_india-P3mm15uxln8blpmn0,TRUE,Bootstrap/model-development record; not a raw registered transaction.
175,Maharashtra,Ratnagiri,Ratnagiri,Growth / Peripheral,Independent House,Semi-Furnished,1100,2,2,3,1,3840,3192.52,3510000,2026-09-14,Housing.com Maharashtra property-rate benchmark,published_market_benchmark,https://housing.com/price-trends/property-rates-for-buy-in-maharashtra_india-P3mm15uxln8blpmn0,TRUE,Bootstrap/model-development record; not a raw registered transaction.
176,Maharashtra,Ratnagiri,Ratnagiri,Growth / Peripheral,Independent House,Fully Furnished,1650,3,3,3,4,3840,3650.01,6020000,2026-09-14,Housing.com Maharashtra property-rate benchmark,published_market_benchmark,https://housing.com/price-trends/property-rates-for-buy-in-maharashtra_india-P3mm15uxln8blpmn0,TRUE,Bootstrap/model-development record; not a raw registered transaction.
177,Maharashtra,Ratnagiri,Ratnagiri,Growth / Peripheral,Independent House,Fully Furnished,2300,4,4,15,2,3840,3249.53,7470000,2026-09-14,Housing.com Maharashtra property-rate benchmark,published_market_benchmark,https://housing.com/price-trends/property-rates-for-buy-in-maharashtra_india-P3mm15uxln8blpmn0,TRUE,Bootstrap/model-development record; not a raw registered transaction.
178,Maharashtra,Ratnagiri,Ratnagiri,Growth / Peripheral,Villa,Semi-Furnished,2200,3,3,1,5,3840,4187.81,9210000,2026-09-14,Housing.com Maharashtra property-rate benchmark,published_market_benchmark,https://housing.com/price-trends/property-rates-for-buy-in-maharashtra_india-P3mm15uxln8blpmn0,TRUE,Bootstrap/model-development record; not a raw registered transaction.
179,Maharashtra,Ratnagiri,Ratnagiri,Growth / Peripheral,Villa,Fully Furnished,3000,4,4,15,4,3840,3922.5,11770000,2026-09-14,Housing.com Maharashtra property-rate benchmark,published_market_benchmark,https://housing.com/price-trends/property-rates-for-buy-in-maharashtra_india-P3mm15uxln8blpmn0,TRUE,Bootstrap/model-development record; not a raw registered transaction.
180,Maharashtra,Ratnagiri,Ratnagiri,Growth / Peripheral,Villa,Fully Furnished,4200,5,5,3,3,3840,4742.19,19920000,2026-09-14,Housing.com Maharashtra property-rate benchmark,published_market_benchmark,https://housing.com/price-trends/property-rates-for-buy-in-maharashtra_india-P3mm15uxln8blpmn0,TRUE,Bootstrap/model-development record; not a raw registered transaction.
181,Maharashtra,Sindhudurg,Oros,Core / Established,Apartment,Unfurnished,550,1,1,3,12,3773,4411.36,2430000,2026-09-14,Housing.com Maharashtra property-rate benchmark,published_market_benchmark,https://housing.com/price-trends/property-rates-for-buy-in-maharashtra_india-P3mm15uxln8blpmn0,TRUE,Bootstrap/model-development record; not a raw registered transaction.
182,Maharashtra,Sindhudurg,Oros,Core / Established,Apartment,Semi-Furnished,900,2,2,7,5,3773,4285.13,3860000,2026-09-14,Housing.com Maharashtra property-rate benchmark,published_market_benchmark,https://housing.com/price-trends/property-rates-for-buy-in-maharashtra_india-P3mm15uxln8blpmn0,TRUE,Bootstrap/model-development record; not a raw registered transaction.
183,Maharashtra,Sindhudurg,Oros,Core / Established,Apartment,Fully Furnished,1350,3,3,12,19,3773,4638.44,6260000,2026-09-14,Housing.com Maharashtra property-rate benchmark,published_market_benchmark,https://housing.com/price-trends/property-rates-for-buy-in-maharashtra_india-P3mm15uxln8blpmn0,TRUE,Bootstrap/model-development record; not a raw registered transaction.
184,Maharashtra,Sindhudurg,Oros,Core / Established,Apartment,Fully Furnished,1800,4,4,3,11,3773,5342.98,9620000,2026-09-14,Housing.com Maharashtra property-rate benchmark,published_market_benchmark,https://housing.com/price-trends/property-rates-for-buy-in-maharashtra_india-P3mm15uxln8blpmn0,TRUE,Bootstrap/model-development record; not a raw registered transaction.
185,Maharashtra,Sindhudurg,Oros,Core / Established,Independent House,Semi-Furnished,1100,2,2,2,4,3773,4556.67,5010000,2026-09-14,Housing.com Maharashtra property-rate benchmark,published_market_benchmark,https://housing.com/price-trends/property-rates-for-buy-in-maharashtra_india-P3mm15uxln8blpmn0,TRUE,Bootstrap/model-development record; not a raw registered transaction.
186,Maharashtra,Sindhudurg,Oros,Core / Established,Independent House,Fully Furnished,1650,3,3,7,2,3773,4718.4,7790000,2026-09-14,Housing.com Maharashtra property-rate benchmark,published_market_benchmark,https://housing.com/price-trends/property-rates-for-buy-in-maharashtra_india-P3mm15uxln8blpmn0,TRUE,Bootstrap/model-development record; not a raw registered transaction.
187,Maharashtra,Sindhudurg,Oros,Core / Established,Independent House,Fully Furnished,2300,4,4,7,3,3773,4988.52,11470000,2026-09-14,Housing.com Maharashtra property-rate benchmark,published_market_benchmark,https://housing.com/price-trends/property-rates-for-buy-in-maharashtra_india-P3mm15uxln8blpmn0,TRUE,Bootstrap/model-development record; not a raw registered transaction.
188,Maharashtra,Sindhudurg,Oros,Core / Established,Villa,Semi-Furnished,2200,3,3,3,5,3773,5392.48,11860000,2026-09-14,Housing.com Maharashtra property-rate benchmark,published_market_benchmark,https://housing.com/price-trends/property-rates-for-buy-in-maharashtra_india-P3mm15uxln8blpmn0,TRUE,Bootstrap/model-development record; not a raw registered transaction.
189,Maharashtra,Sindhudurg,Oros,Core / Established,Villa,Fully Furnished,3000,4,4,15,1,3773,5426.84,16280000,2026-09-14,Housing.com Maharashtra property-rate benchmark,published_market_benchmark,https://housing.com/price-trends/property-rates-for-buy-in-maharashtra_india-P3mm15uxln8blpmn0,TRUE,Bootstrap/model-development record; not a raw registered transaction.
190,Maharashtra,Sindhudurg,Oros,Core / Established,Villa,Fully Furnished,4200,5,5,5,5,3773,6845.06,28750000,2026-09-14,Housing.com Maharashtra property-rate benchmark,published_market_benchmark,https://housing.com/price-trends/property-rates-for-buy-in-maharashtra_india-P3mm15uxln8blpmn0,TRUE,Bootstrap/model-development record; not a raw registered transaction.
191,Maharashtra,Sindhudurg,Oros,Main Residential,Apartment,Unfurnished,550,1,1,1,6,3773,3872.95,2130000,2026-09-14,Housing.com Maharashtra property-rate benchmark,published_market_benchmark,https://housing.com/price-trends/property-rates-for-buy-in-maharashtra_india-P3mm15uxln8blpmn0,TRUE,Bootstrap/model-development record; not a raw registered transaction.
192,Maharashtra,Sindhudurg,Oros,Main Residential,Apartment,Semi-Furnished,900,2,2,15,3,3773,3219.74,2900000,2026-09-14,Housing.com Maharashtra property-rate benchmark,published_market_benchmark,https://housing.com/price-trends/property-rates-for-buy-in-maharashtra_india-P3mm15uxln8blpmn0,TRUE,Bootstrap/model-development record; not a raw registered transaction.
193,Maharashtra,Sindhudurg,Oros,Main Residential,Apartment,Fully Furnished,1350,3,3,1,7,3773,4127.86,5570000,2026-09-14,Housing.com Maharashtra property-rate benchmark,published_market_benchmark,https://housing.com/price-trends/property-rates-for-buy-in-maharashtra_india-P3mm15uxln8blpmn0,TRUE,Bootstrap/model-development record; not a raw registered transaction.
194,Maharashtra,Sindhudurg,Oros,Main Residential,Apartment,Fully Furnished,1800,4,4,2,3,3773,4265.51,7680000,2026-09-14,Housing.com Maharashtra property-rate benchmark,published_market_benchmark,https://housing.com/price-trends/property-rates-for-buy-in-maharashtra_india-P3mm15uxln8blpmn0,TRUE,Bootstrap/model-development record; not a raw registered transaction.
195,Maharashtra,Sindhudurg,Oros,Main Residential,Independent House,Semi-Furnished,1100,2,2,3,5,3773,3731.51,4100000,2026-09-14,Housing.com Maharashtra property-rate benchmark,published_market_benchmark,https://housing.com/price-trends/property-rates-for-buy-in-maharashtra_india-P3mm15uxln8blpmn0,TRUE,Bootstrap/model-development record; not a raw registered transaction.
196,Maharashtra,Sindhudurg,Oros,Main Residential,Independent House,Fully Furnished,1650,3,3,3,4,3773,4147.46,6840000,2026-09-14,Housing.com Maharashtra property-rate benchmark,published_market_benchmark,https://housing.com/price-trends/property-rates-for-buy-in-maharashtra_india-P3mm15uxln8blpmn0,TRUE,Bootstrap/model-development record; not a raw registered transaction.
197,Maharashtra,Sindhudurg,Oros,Main Residential,Independent House,Fully Furnished,2300,4,4,5,1,3773,4552.33,10470000,2026-09-14,Housing.com Maharashtra property-rate benchmark,published_market_benchmark,https://housing.com/price-trends/property-rates-for-buy-in-maharashtra_india-P3mm15uxln8blpmn0,TRUE,Bootstrap/model-development record; not a raw registered transaction.
198,Maharashtra,Sindhudurg,Oros,Main Residential,Villa,Semi-Furnished,2200,3,3,7,2,3773,4417.56,9720000,2026-09-14,Housing.com Maharashtra property-rate benchmark,published_market_benchmark,https://housing.com/price-trends/property-rates-for-buy-in-maharashtra_india-P3mm15uxln8blpmn0,TRUE,Bootstrap/model-development record; not a raw registered transaction.
199,Maharashtra,Sindhudurg,Oros,Main Residential,Villa,Fully Furnished,3000,4,4,3,1,3773,5272.32,15820000,2026-09-14,Housing.com Maharashtra property-rate benchmark,published_market_benchmark,https://housing.com/price-trends/property-rates-for-buy-in-maharashtra_india-P3mm15uxln8blpmn0,TRUE,Bootstrap/model-development record; not a raw registered transaction.
200,Maharashtra,Sindhudurg,Oros,Main Residential,Villa,Fully Furnished,4200,5,5,7,3,3773,5378.92,22590000,2026-09-14,Housing.com Maharashtra property-rate benchmark,published_market_benchmark,https://housing.com/price-trends/property-rates-for-buy-in-maharashtra_india-P3mm15uxln8blpmn0,TRUE,Bootstrap/model-development record; not a raw registered transaction.
201,Maharashtra,Sindhudurg,Oros,Growth / Peripheral,Apartment,Unfurnished,550,1,1,15,8,3773,2566.13,1410000,2026-09-14,Housing.com Maharashtra property-rate benchmark,published_market_benchmark,https://housing.com/price-trends/property-rates-for-buy-in-maharashtra_india-P3mm15uxln8blpmn0,TRUE,Bootstrap/model-development record; not a raw registered transaction.
202,Maharashtra,Sindhudurg,Oros,Growth / Peripheral,Apartment,Semi-Furnished,900,2,2,1,4,3773,3247.66,2920000,2026-09-14,Housing.com Maharashtra property-rate benchmark,published_market_benchmark,https://housing.com/price-trends/property-rates-for-buy-in-maharashtra_india-P3mm15uxln8blpmn0,TRUE,Bootstrap/model-development record; not a raw registered transaction.
203,Maharashtra,Sindhudurg,Oros,Growth / Peripheral,Apartment,Fully Furnished,1350,3,3,1,2,3773,3425.02,4620000,2026-09-14,Housing.com Maharashtra property-rate benchmark,published_market_benchmark,https://housing.com/price-trends/property-rates-for-buy-in-maharashtra_india-P3mm15uxln8blpmn0,TRUE,Bootstrap/model-development record; not a raw registered transaction.
204,Maharashtra,Sindhudurg,Oros,Growth / Peripheral,Apartment,Fully Furnished,1800,4,4,7,18,3773,3536.99,6370000,2026-09-14,Housing.com Maharashtra property-rate benchmark,published_market_benchmark,https://housing.com/price-trends/property-rates-for-buy-in-maharashtra_india-P3mm15uxln8blpmn0,TRUE,Bootstrap/model-development record; not a raw registered transaction.
205,Maharashtra,Sindhudurg,Oros,Growth / Peripheral,Independent House,Semi-Furnished,1100,2,2,1,4,3773,3294.97,3620000,2026-09-14,Housing.com Maharashtra property-rate benchmark,published_market_benchmark,https://housing.com/price-trends/property-rates-for-buy-in-maharashtra_india-P3mm15uxln8blpmn0,TRUE,Bootstrap/model-development record; not a raw registered transaction.
206,Maharashtra,Sindhudurg,Oros,Growth / Peripheral,Independent House,Fully Furnished,1650,3,3,10,5,3773,3202.05,5280000,2026-09-14,Housing.com Maharashtra property-rate benchmark,published_market_benchmark,https://housing.com/price-trends/property-rates-for-buy-in-maharashtra_india-P3mm15uxln8blpmn0,TRUE,Bootstrap/model-development record; not a raw registered transaction.
207,Maharashtra,Sindhudurg,Oros,Growth / Peripheral,Independent House,Fully Furnished,2300,4,4,15,2,3773,3358.53,7720000,2026-09-14,Housing.com Maharashtra property-rate benchmark,published_market_benchmark,https://housing.com/price-trends/property-rates-for-buy-in-maharashtra_india-P3mm15uxln8blpmn0,TRUE,Bootstrap/model-development record; not a raw registered transaction.
208,Maharashtra,Sindhudurg,Oros,Growth / Peripheral,Villa,Semi-Furnished,2200,3,3,12,4,3773,3560.8,7830000,2026-09-14,Housing.com Maharashtra property-rate benchmark,published_market_benchmark,https://housing.com/price-trends/property-rates-for-buy-in-maharashtra_india-P3mm15uxln8blpmn0,TRUE,Bootstrap/model-development record; not a raw registered transaction.
209,Maharashtra,Sindhudurg,Oros,Growth / Peripheral,Villa,Fully Furnished,3000,4,4,5,3,3773,4236.41,12710000,2026-09-14,Housing.com Maharashtra property-rate benchmark,published_market_benchmark,https://housing.com/price-trends/property-rates-for-buy-in-maharashtra_india-P3mm15uxln8blpmn0,TRUE,Bootstrap/model-development record; not a raw registered transaction.
210,Maharashtra,Sindhudurg,Oros,Growth / Peripheral,Villa,Fully Furnished,4200,5,5,5,3,3773,4730.95,19870000,2026-09-14,Housing.com Maharashtra property-rate benchmark,published_market_benchmark,https://housing.com/price-trends/property-rates-for-buy-in-maharashtra_india-P3mm15uxln8blpmn0,TRUE,Bootstrap/model-development record; not a raw registered transaction.
211,Maharashtra,Pune,Pune,Core / Established,Apartment,Unfurnished,550,1,1,3,5,8702,10014.29,5510000,2026-09-14,Housing.com Maharashtra property-rate benchmark,published_market_benchmark,https://housing.com/price-trends/property-rates-for-buy-in-maharashtra_india-P3mm15uxln8blpmn0,TRUE,Bootstrap/model-development record; not a raw registered transaction.
212,Maharashtra,Pune,Pune,Core / Established,Apartment,Semi-Furnished,900,2,2,10,20,8702,10219.28,9200000,2026-09-14,Housing.com Maharashtra property-rate benchmark,published_market_benchmark,https://housing.com/price-trends/property-rates-for-buy-in-maharashtra_india-P3mm15uxln8blpmn0,TRUE,Bootstrap/model-development record; not a raw registered transaction.
213,Maharashtra,Pune,Pune,Core / Established,Apartment,Fully Furnished,1350,3,3,15,15,8702,9848.22,13300000,2026-09-14,Housing.com Maharashtra property-rate benchmark,published_market_benchmark,https://housing.com/price-trends/property-rates-for-buy-in-maharashtra_india-P3mm15uxln8blpmn0,TRUE,Bootstrap/model-development record; not a raw registered transaction.
214,Maharashtra,Pune,Pune,Core / Established,Apartment,Fully Furnished,1800,4,4,10,13,8702,11045.0,19880000,2026-09-14,Housing.com Maharashtra property-rate benchmark,published_market_benchmark,https://housing.com/price-trends/property-rates-for-buy-in-maharashtra_india-P3mm15uxln8blpmn0,TRUE,Bootstrap/model-development record; not a raw registered transaction.
215,Maharashtra,Pune,Pune,Core / Established,Independent House,Semi-Furnished,1100,2,2,1,3,8702,10592.05,11650000,2026-09-14,Housing.com Maharashtra property-rate benchmark,published_market_benchmark,https://housing.com/price-trends/property-rates-for-buy-in-maharashtra_india-P3mm15uxln8blpmn0,TRUE,Bootstrap/model-development record; not a raw registered transaction.
216,Maharashtra,Pune,Pune,Core / Established,Independent House,Fully Furnished,1650,3,3,2,4,8702,11155.2,18410000,2026-09-14,Housing.com Maharashtra property-rate benchmark,published_market_benchmark,https://housing.com/price-trends/property-rates-for-buy-in-maharashtra_india-P3mm15uxln8blpmn0,TRUE,Bootstrap/model-development record; not a raw registered transaction.
217,Maharashtra,Pune,Pune,Core / Established,Independent House,Fully Furnished,2300,4,4,12,1,8702,10721.52,24660000,2026-09-14,Housing.com Maharashtra property-rate benchmark,published_market_benchmark,https://housing.com/price-trends/property-rates-for-buy-in-maharashtra_india-P3mm15uxln8blpmn0,TRUE,Bootstrap/model-development record; not a raw registered transaction.
218,Maharashtra,Pune,Pune,Core / Established,Villa,Semi-Furnished,2200,3,3,1,3,8702,13621.34,29970000,2026-09-14,Housing.com Maharashtra property-rate benchmark,published_market_benchmark,https://housing.com/price-trends/property-rates-for-buy-in-maharashtra_india-P3mm15uxln8blpmn0,TRUE,Bootstrap/model-development record; not a raw registered transaction.
219,Maharashtra,Pune,Pune,Core / Established,Villa,Fully Furnished,3000,4,4,1,4,8702,14530.63,43590000,2026-09-14,Housing.com Maharashtra property-rate benchmark,published_market_benchmark,https://housing.com/price-trends/property-rates-for-buy-in-maharashtra_india-P3mm15uxln8blpmn0,TRUE,Bootstrap/model-development record; not a raw registered transaction.
220,Maharashtra,Pune,Pune,Core / Established,Villa,Fully Furnished,4200,5,5,15,1,8702,12972.51,54480000,2026-09-14,Housing.com Maharashtra property-rate benchmark,published_market_benchmark,https://housing.com/price-trends/property-rates-for-buy-in-maharashtra_india-P3mm15uxln8blpmn0,TRUE,Bootstrap/model-development record; not a raw registered transaction.
221,Maharashtra,Pune,Pune,Main Residential,Apartment,Unfurnished,550,1,1,5,5,8702,8080.29,4440000,2026-09-14,Housing.com Maharashtra property-rate benchmark,published_market_benchmark,https://housing.com/price-trends/property-rates-for-buy-in-maharashtra_india-P3mm15uxln8blpmn0,TRUE,Bootstrap/model-development record; not a raw registered transaction.
222,Maharashtra,Pune,Pune,Main Residential,Apartment,Semi-Furnished,900,2,2,12,18,8702,8591.42,7730000,2026-09-14,Housing.com Maharashtra property-rate benchmark,published_market_benchmark,https://housing.com/price-trends/property-rates-for-buy-in-maharashtra_india-P3mm15uxln8blpmn0,TRUE,Bootstrap/model-development record; not a raw registered transaction.
223,Maharashtra,Pune,Pune,Main Residential,Apartment,Fully Furnished,1350,3,3,7,3,8702,9111.9,12300000,2026-09-14,Housing.com Maharashtra property-rate benchmark,published_market_benchmark,https://housing.com/price-trends/property-rates-for-buy-in-maharashtra_india-P3mm15uxln8blpmn0,TRUE,Bootstrap/model-development record; not a raw registered transaction.
224,Maharashtra,Pune,Pune,Main Residential,Apartment,Fully Furnished,1800,4,4,10,18,8702,9517.76,17130000,2026-09-14,Housing.com Maharashtra property-rate benchmark,published_market_benchmark,https://housing.com/price-trends/property-rates-for-buy-in-maharashtra_india-P3mm15uxln8blpmn0,TRUE,Bootstrap/model-development record; not a raw registered transaction.
225,Maharashtra,Pune,Pune,Main Residential,Independent House,Semi-Furnished,1100,2,2,5,5,8702,9028.17,9930000,2026-09-14,Housing.com Maharashtra property-rate benchmark,published_market_benchmark,https://housing.com/price-trends/property-rates-for-buy-in-maharashtra_india-P3mm15uxln8blpmn0,TRUE,Bootstrap/model-development record; not a raw registered transaction.
226,Maharashtra,Pune,Pune,Main Residential,Independent House,Fully Furnished,1650,3,3,1,3,8702,9894.39,16330000,2026-09-14,Housing.com Maharashtra property-rate benchmark,published_market_benchmark,https://housing.com/price-trends/property-rates-for-buy-in-maharashtra_india-P3mm15uxln8blpmn0,TRUE,Bootstrap/model-development record; not a raw registered transaction.
227,Maharashtra,Pune,Pune,Main Residential,Independent House,Fully Furnished,2300,4,4,7,1,8702,9932.03,22840000,2026-09-14,Housing.com Maharashtra property-rate benchmark,published_market_benchmark,https://housing.com/price-trends/property-rates-for-buy-in-maharashtra_india-P3mm15uxln8blpmn0,TRUE,Bootstrap/model-development record; not a raw registered transaction.
228,Maharashtra,Pune,Pune,Main Residential,Villa,Semi-Furnished,2200,3,3,15,5,8702,9172.86,20180000,2026-09-14,Housing.com Maharashtra property-rate benchmark,published_market_benchmark,https://housing.com/price-trends/property-rates-for-buy-in-maharashtra_india-P3mm15uxln8blpmn0,TRUE,Bootstrap/model-development record; not a raw registered transaction.
229,Maharashtra,Pune,Pune,Main Residential,Villa,Fully Furnished,3000,4,4,12,5,8702,10885.02,32660000,2026-09-14,Housing.com Maharashtra property-rate benchmark,published_market_benchmark,https://housing.com/price-trends/property-rates-for-buy-in-maharashtra_india-P3mm15uxln8blpmn0,TRUE,Bootstrap/model-development record; not a raw registered transaction.
230,Maharashtra,Pune,Pune,Main Residential,Villa,Fully Furnished,4200,5,5,12,1,8702,11671.07,49020000,2026-09-14,Housing.com Maharashtra property-rate benchmark,published_market_benchmark,https://housing.com/price-trends/property-rates-for-buy-in-maharashtra_india-P3mm15uxln8blpmn0,TRUE,Bootstrap/model-development record; not a raw registered transaction.
231,Maharashtra,Pune,Pune,Growth / Peripheral,Apartment,Unfurnished,550,1,1,10,8,8702,6737.85,3710000,2026-09-14,Housing.com Maharashtra property-rate benchmark,published_market_benchmark,https://housing.com/price-trends/property-rates-for-buy-in-maharashtra_india-P3mm15uxln8blpmn0,TRUE,Bootstrap/model-development record; not a raw registered transaction.
232,Maharashtra,Pune,Pune,Growth / Peripheral,Apartment,Semi-Furnished,900,2,2,15,5,8702,6546.6,5890000,2026-09-14,Housing.com Maharashtra property-rate benchmark,published_market_benchmark,https://housing.com/price-trends/property-rates-for-buy-in-maharashtra_india-P3mm15uxln8blpmn0,TRUE,Bootstrap/model-development record; not a raw registered transaction.
233,Maharashtra,Pune,Pune,Growth / Peripheral,Apartment,Fully Furnished,1350,3,3,15,13,8702,7373.36,9950000,2026-09-14,Housing.com Maharashtra property-rate benchmark,published_market_benchmark,https://housing.com/price-trends/property-rates-for-buy-in-maharashtra_india-P3mm15uxln8blpmn0,TRUE,Bootstrap/model-development record; not a raw registered transaction.
234,Maharashtra,Pune,Pune,Growth / Peripheral,Apartment,Fully Furnished,1800,4,4,12,18,8702,7820.43,14080000,2026-09-14,Housing.com Maharashtra property-rate benchmark,published_market_benchmark,https://housing.com/price-trends/property-rates-for-buy-in-maharashtra_india-P3mm15uxln8blpmn0,TRUE,Bootstrap/model-development record; not a raw registered transaction.
235,Maharashtra,Pune,Pune,Growth / Peripheral,Independent House,Semi-Furnished,1100,2,2,2,4,8702,7515.18,8270000,2026-09-14,Housing.com Maharashtra property-rate benchmark,published_market_benchmark,https://housing.com/price-trends/property-rates-for-buy-in-maharashtra_india-P3mm15uxln8blpmn0,TRUE,Bootstrap/model-development record; not a raw registered transaction.
236,Maharashtra,Pune,Pune,Growth / Peripheral,Independent House,Fully Furnished,1650,3,3,15,3,8702,6630.04,10940000,2026-09-14,Housing.com Maharashtra property-rate benchmark,published_market_benchmark,https://housing.com/price-trends/property-rates-for-buy-in-maharashtra_india-P3mm15uxln8blpmn0,TRUE,Bootstrap/model-development record; not a raw registered transaction.
237,Maharashtra,Pune,Pune,Growth / Peripheral,Independent House,Fully Furnished,2300,4,4,5,1,8702,8475.49,19490000,2026-09-14,Housing.com Maharashtra property-rate benchmark,published_market_benchmark,https://housing.com/price-trends/property-rates-for-buy-in-maharashtra_india-P3mm15uxln8blpmn0,TRUE,Bootstrap/model-development record; not a raw registered transaction.
238,Maharashtra,Pune,Pune,Growth / Peripheral,Villa,Semi-Furnished,2200,3,3,2,2,8702,9426.69,20740000,2026-09-14,Housing.com Maharashtra property-rate benchmark,published_market_benchmark,https://housing.com/price-trends/property-rates-for-buy-in-maharashtra_india-P3mm15uxln8blpmn0,TRUE,Bootstrap/model-development record; not a raw registered transaction.
239,Maharashtra,Pune,Pune,Growth / Peripheral,Villa,Fully Furnished,3000,4,4,7,3,8702,9358.92,28080000,2026-09-14,Housing.com Maharashtra property-rate benchmark,published_market_benchmark,https://housing.com/price-trends/property-rates-for-buy-in-maharashtra_india-P3mm15uxln8blpmn0,TRUE,Bootstrap/model-development record; not a raw registered transaction.
240,Maharashtra,Pune,Pune,Growth / Peripheral,Villa,Fully Furnished,4200,5,5,2,2,8702,10933.31,45920000,2026-09-14,Housing.com Maharashtra property-rate benchmark,published_market_benchmark,https://housing.com/price-trends/property-rates-for-buy-in-maharashtra_india-P3mm15uxln8blpmn0,TRUE,Bootstrap/model-development record; not a raw registered transaction.
241,Maharashtra,Satara,Satara,Core / Established,Apartment,Unfurnished,550,1,1,7,8,3938,4519.03,2490000,2026-09-14,Housing.com Maharashtra property-rate benchmark,published_market_benchmark,https://housing.com/price-trends/property-rates-for-buy-in-maharashtra_india-P3mm15uxln8blpmn0,TRUE,Bootstrap/model-development record; not a raw registered transaction.
242,Maharashtra,Satara,Satara,Core / Established,Apartment,Semi-Furnished,900,2,2,2,9,3938,5077.52,4570000,2026-09-14,Housing.com Maharashtra property-rate benchmark,published_market_benchmark,https://housing.com/price-trends/property-rates-for-buy-in-maharashtra_india-P3mm15uxln8blpmn0,TRUE,Bootstrap/model-development record; not a raw registered transaction.
243,Maharashtra,Satara,Satara,Core / Established,Apartment,Fully Furnished,1350,3,3,3,6,3938,5278.54,7130000,2026-09-14,Housing.com Maharashtra property-rate benchmark,published_market_benchmark,https://housing.com/price-trends/property-rates-for-buy-in-maharashtra_india-P3mm15uxln8blpmn0,TRUE,Bootstrap/model-development record; not a raw registered transaction.
244,Maharashtra,Satara,Satara,Core / Established,Apartment,Fully Furnished,1800,4,4,15,11,3938,4828.54,8690000,2026-09-14,Housing.com Maharashtra property-rate benchmark,published_market_benchmark,https://housing.com/price-trends/property-rates-for-buy-in-maharashtra_india-P3mm15uxln8blpmn0,TRUE,Bootstrap/model-development record; not a raw registered transaction.
245,Maharashtra,Satara,Satara,Core / Established,Independent House,Semi-Furnished,1100,2,2,1,3,3938,4801.24,5280000,2026-09-14,Housing.com Maharashtra property-rate benchmark,published_market_benchmark,https://housing.com/price-trends/property-rates-for-buy-in-maharashtra_india-P3mm15uxln8blpmn0,TRUE,Bootstrap/model-development record; not a raw registered transaction.
246,Maharashtra,Satara,Satara,Core / Established,Independent House,Fully Furnished,1650,3,3,5,5,3938,5035.24,8310000,2026-09-14,Housing.com Maharashtra property-rate benchmark,published_market_benchmark,https://housing.com/price-trends/property-rates-for-buy-in-maharashtra_india-P3mm15uxln8blpmn0,TRUE,Bootstrap/model-development record; not a raw registered transaction.
247,Maharashtra,Satara,Satara,Core / Established,Independent House,Fully Furnished,2300,4,4,2,5,3938,5707.76,13130000,2026-09-14,Housing.com Maharashtra property-rate benchmark,published_market_benchmark,https://housing.com/price-trends/property-rates-for-buy-in-maharashtra_india-P3mm15uxln8blpmn0,TRUE,Bootstrap/model-development record; not a raw registered transaction.
248,Maharashtra,Satara,Satara,Core / Established,Villa,Semi-Furnished,2200,3,3,12,2,3938,5196.77,11430000,2026-09-14,Housing.com Maharashtra property-rate benchmark,published_market_benchmark,https://housing.com/price-trends/property-rates-for-buy-in-maharashtra_india-P3mm15uxln8blpmn0,TRUE,Bootstrap/model-development record; not a raw registered transaction.
249,Maharashtra,Satara,Satara,Core / Established,Villa,Fully Furnished,3000,4,4,1,2,3938,6414.11,19240000,2026-09-14,Housing.com Maharashtra property-rate benchmark,published_market_benchmark,https://housing.com/price-trends/property-rates-for-buy-in-maharashtra_india-P3mm15uxln8blpmn0,TRUE,Bootstrap/model-development record; not a raw registered transaction.
250,Maharashtra,Satara,Satara,Core / Established,Villa,Fully Furnished,4200,5,5,2,1,3938,6956.14,29220000,2026-09-14,Housing.com Maharashtra property-rate benchmark,published_market_benchmark,https://housing.com/price-trends/property-rates-for-buy-in-maharashtra_india-P3mm15uxln8blpmn0,TRUE,Bootstrap/model-development record; not a raw registered transaction.
251,Maharashtra,Satara,Satara,Main Residential,Apartment,Unfurnished,550,1,1,5,16,3938,4005.41,2200000,2026-09-14,Housing.com Maharashtra property-rate benchmark,published_market_benchmark,https://housing.com/price-trends/property-rates-for-buy-in-maharashtra_india-P3mm15uxln8blpmn0,TRUE,Bootstrap/model-development record; not a raw registered transaction.
252,Maharashtra,Satara,Satara,Main Residential,Apartment,Semi-Furnished,900,2,2,3,2,3938,3871.08,3480000,2026-09-14,Housing.com Maharashtra property-rate benchmark,published_market_benchmark,https://housing.com/price-trends/property-rates-for-buy-in-maharashtra_india-P3mm15uxln8blpmn0,TRUE,Bootstrap/model-development record; not a raw registered transaction.
253,Maharashtra,Satara,Satara,Main Residential,Apartment,Fully Furnished,1350,3,3,10,8,3938,4053.54,5470000,2026-09-14,Housing.com Maharashtra property-rate benchmark,published_market_benchmark,https://housing.com/price-trends/property-rates-for-buy-in-maharashtra_india-P3mm15uxln8blpmn0,TRUE,Bootstrap/model-development record; not a raw registered transaction.
254,Maharashtra,Satara,Satara,Main Residential,Apartment,Fully Furnished,1800,4,4,1,6,3938,4688.58,8440000,2026-09-14,Housing.com Maharashtra property-rate benchmark,published_market_benchmark,https://housing.com/price-trends/property-rates-for-buy-in-maharashtra_india-P3mm15uxln8blpmn0,TRUE,Bootstrap/model-development record; not a raw registered transaction.
255,Maharashtra,Satara,Satara,Main Residential,Independent House,Semi-Furnished,1100,2,2,3,3,3938,3993.09,4390000,2026-09-14,Housing.com Maharashtra property-rate benchmark,published_market_benchmark,https://housing.com/price-trends/property-rates-for-buy-in-maharashtra_india-P3mm15uxln8blpmn0,TRUE,Bootstrap/model-development record; not a raw registered transaction.
256,Maharashtra,Satara,Satara,Main Residential,Independent House,Fully Furnished,1650,3,3,10,2,3938,4073.62,6720000,2026-09-14,Housing.com Maharashtra property-rate benchmark,published_market_benchmark,https://housing.com/price-trends/property-rates-for-buy-in-maharashtra_india-P3mm15uxln8blpmn0,TRUE,Bootstrap/model-development record; not a raw registered transaction.
257,Maharashtra,Satara,Satara,Main Residential,Independent House,Fully Furnished,2300,4,4,7,4,3938,4387.98,10090000,2026-09-14,Housing.com Maharashtra property-rate benchmark,published_market_benchmark,https://housing.com/price-trends/property-rates-for-buy-in-maharashtra_india-P3mm15uxln8blpmn0,TRUE,Bootstrap/model-development record; not a raw registered transaction.
258,Maharashtra,Satara,Satara,Main Residential,Villa,Semi-Furnished,2200,3,3,5,1,3938,4944.55,10880000,2026-09-14,Housing.com Maharashtra property-rate benchmark,published_market_benchmark,https://housing.com/price-trends/property-rates-for-buy-in-maharashtra_india-P3mm15uxln8blpmn0,TRUE,Bootstrap/model-development record; not a raw registered transaction.
259,Maharashtra,Satara,Satara,Main Residential,Villa,Fully Furnished,3000,4,4,1,3,3938,5480.28,16440000,2026-09-14,Housing.com Maharashtra property-rate benchmark,published_market_benchmark,https://housing.com/price-trends/property-rates-for-buy-in-maharashtra_india-P3mm15uxln8blpmn0,TRUE,Bootstrap/model-development record; not a raw registered transaction.
260,Maharashtra,Satara,Satara,Main Residential,Villa,Fully Furnished,4200,5,5,5,4,3938,5710.43,23980000,2026-09-14,Housing.com Maharashtra property-rate benchmark,published_market_benchmark,https://housing.com/price-trends/property-rates-for-buy-in-maharashtra_india-P3mm15uxln8blpmn0,TRUE,Bootstrap/model-development record; not a raw registered transaction.
261,Maharashtra,Satara,Satara,Growth / Peripheral,Apartment,Unfurnished,550,1,1,7,11,3938,3259.73,1790000,2026-09-14,Housing.com Maharashtra property-rate benchmark,published_market_benchmark,https://housing.com/price-trends/property-rates-for-buy-in-maharashtra_india-P3mm15uxln8blpmn0,TRUE,Bootstrap/model-development record; not a raw registered transaction.
262,Maharashtra,Satara,Satara,Growth / Peripheral,Apartment,Semi-Furnished,900,2,2,3,16,3938,3655.71,3290000,2026-09-14,Housing.com Maharashtra property-rate benchmark,published_market_benchmark,https://housing.com/price-trends/property-rates-for-buy-in-maharashtra_india-P3mm15uxln8blpmn0,TRUE,Bootstrap/model-development record; not a raw registered transaction.
263,Maharashtra,Satara,Satara,Growth / Peripheral,Apartment,Fully Furnished,1350,3,3,7,6,3938,3545.7,4790000,2026-09-14,Housing.com Maharashtra property-rate benchmark,published_market_benchmark,https://housing.com/price-trends/property-rates-for-buy-in-maharashtra_india-P3mm15uxln8blpmn0,TRUE,Bootstrap/model-development record; not a raw registered transaction.
264,Maharashtra,Satara,Satara,Growth / Peripheral,Apartment,Fully Furnished,1800,4,4,3,20,3938,4078.68,7340000,2026-09-14,Housing.com Maharashtra property-rate benchmark,published_market_benchmark,https://housing.com/price-trends/property-rates-for-buy-in-maharashtra_india-P3mm15uxln8blpmn0,TRUE,Bootstrap/model-development record; not a raw registered transaction.
265,Maharashtra,Satara,Satara,Growth / Peripheral,Independent House,Semi-Furnished,1100,2,2,7,3,3938,3322.24,3650000,2026-09-14,Housing.com Maharashtra property-rate benchmark,published_market_benchmark,https://housing.com/price-trends/property-rates-for-buy-in-maharashtra_india-P3mm15uxln8blpmn0,TRUE,Bootstrap/model-development record; not a raw registered transaction.
266,Maharashtra,Satara,Satara,Growth / Peripheral,Independent House,Fully Furnished,1650,3,3,3,5,3938,3589.74,5920000,2026-09-14,Housing.com Maharashtra property-rate benchmark,published_market_benchmark,https://housing.com/price-trends/property-rates-for-buy-in-maharashtra_india-P3mm15uxln8blpmn0,TRUE,Bootstrap/model-development record; not a raw registered transaction.
267,Maharashtra,Satara,Satara,Growth / Peripheral,Independent House,Fully Furnished,2300,4,4,7,2,3938,3710.83,8530000,2026-09-14,Housing.com Maharashtra property-rate benchmark,published_market_benchmark,https://housing.com/price-trends/property-rates-for-buy-in-maharashtra_india-P3mm15uxln8blpmn0,TRUE,Bootstrap/model-development record; not a raw registered transaction.
268,Maharashtra,Satara,Satara,Growth / Peripheral,Villa,Semi-Furnished,2200,3,3,2,1,3938,4166.46,9170000,2026-09-14,Housing.com Maharashtra property-rate benchmark,published_market_benchmark,https://housing.com/price-trends/property-rates-for-buy-in-maharashtra_india-P3mm15uxln8blpmn0,TRUE,Bootstrap/model-development record; not a raw registered transaction.
269,Maharashtra,Satara,Satara,Growth / Peripheral,Villa,Fully Furnished,3000,4,4,10,4,3938,4068.94,12210000,2026-09-14,Housing.com Maharashtra property-rate benchmark,published_market_benchmark,https://housing.com/price-trends/property-rates-for-buy-in-maharashtra_india-P3mm15uxln8blpmn0,TRUE,Bootstrap/model-development record; not a raw registered transaction.
270,Maharashtra,Satara,Satara,Growth / Peripheral,Villa,Fully Furnished,4200,5,5,2,4,3938,5007.3,21030000,2026-09-14,Housing.com Maharashtra property-rate benchmark,published_market_benchmark,https://housing.com/price-trends/property-rates-for-buy-in-maharashtra_india-P3mm15uxln8blpmn0,TRUE,Bootstrap/model-development record; not a raw registered transaction.
271,Maharashtra,Sangli,Sangli,Core / Established,Apartment,Unfurnished,550,1,1,12,5,4567,4682.07,2580000,2026-09-14,Housing.com Maharashtra property-rate benchmark,published_market_benchmark,https://housing.com/price-trends/property-rates-for-buy-in-maharashtra_india-P3mm15uxln8blpmn0,TRUE,Bootstrap/model-development record; not a raw registered transaction.
272,Maharashtra,Sangli,Sangli,Core / Established,Apartment,Semi-Furnished,900,2,2,1,10,4567,5598.4,5040000,2026-09-14,Housing.com Maharashtra property-rate benchmark,published_market_benchmark,https://housing.com/price-trends/property-rates-for-buy-in-maharashtra_india-P3mm15uxln8blpmn0,TRUE,Bootstrap/model-development record; not a raw registered transaction.
273,Maharashtra,Sangli,Sangli,Core / Established,Apartment,Fully Furnished,1350,3,3,7,18,4567,5751.12,7760000,2026-09-14,Housing.com Maharashtra property-rate benchmark,published_market_benchmark,https://housing.com/price-trends/property-rates-for-buy-in-maharashtra_india-P3mm15uxln8blpmn0,TRUE,Bootstrap/model-development record; not a raw registered transaction.
274,Maharashtra,Sangli,Sangli,Core / Established,Apartment,Fully Furnished,1800,4,4,10,5,4567,5818.81,10470000,2026-09-14,Housing.com Maharashtra property-rate benchmark,published_market_benchmark,https://housing.com/price-trends/property-rates-for-buy-in-maharashtra_india-P3mm15uxln8blpmn0,TRUE,Bootstrap/model-development record; not a raw registered transaction.
275,Maharashtra,Sangli,Sangli,Core / Established,Independent House,Semi-Furnished,1100,2,2,5,1,4567,5393.25,5930000,2026-09-14,Housing.com Maharashtra property-rate benchmark,published_market_benchmark,https://housing.com/price-trends/property-rates-for-buy-in-maharashtra_india-P3mm15uxln8blpmn0,TRUE,Bootstrap/model-development record; not a raw registered transaction.
276,Maharashtra,Sangli,Sangli,Core / Established,Independent House,Fully Furnished,1650,3,3,3,4,4567,5885.49,9710000,2026-09-14,Housing.com Maharashtra property-rate benchmark,published_market_benchmark,https://housing.com/price-trends/property-rates-for-buy-in-maharashtra_india-P3mm15uxln8blpmn0,TRUE,Bootstrap/model-development record; not a raw registered transaction.
277,Maharashtra,Sangli,Sangli,Core / Established,Independent House,Fully Furnished,2300,4,4,3,4,4567,6250.99,14380000,2026-09-14,Housing.com Maharashtra property-rate benchmark,published_market_benchmark,https://housing.com/price-trends/property-rates-for-buy-in-maharashtra_india-P3mm15uxln8blpmn0,TRUE,Bootstrap/model-development record; not a raw registered transaction.
278,Maharashtra,Sangli,Sangli,Core / Established,Villa,Semi-Furnished,2200,3,3,5,5,4567,6747.65,14840000,2026-09-14,Housing.com Maharashtra property-rate benchmark,published_market_benchmark,https://housing.com/price-trends/property-rates-for-buy-in-maharashtra_india-P3mm15uxln8blpmn0,TRUE,Bootstrap/model-development record; not a raw registered transaction.
279,Maharashtra,Sangli,Sangli,Core / Established,Villa,Fully Furnished,3000,4,4,12,1,4567,6724.25,20170000,2026-09-14,Housing.com Maharashtra property-rate benchmark,published_market_benchmark,https://housing.com/price-trends/property-rates-for-buy-in-maharashtra_india-P3mm15uxln8blpmn0,TRUE,Bootstrap/model-development record; not a raw registered transaction.
280,Maharashtra,Sangli,Sangli,Core / Established,Villa,Fully Furnished,4200,5,5,2,2,4567,8589.11,36070000,2026-09-14,Housing.com Maharashtra property-rate benchmark,published_market_benchmark,https://housing.com/price-trends/property-rates-for-buy-in-maharashtra_india-P3mm15uxln8blpmn0,TRUE,Bootstrap/model-development record; not a raw registered transaction.
281,Maharashtra,Sangli,Sangli,Main Residential,Apartment,Unfurnished,550,1,1,1,15,4567,4691.58,2580000,2026-09-14,Housing.com Maharashtra property-rate benchmark,published_market_benchmark,https://housing.com/price-trends/property-rates-for-buy-in-maharashtra_india-P3mm15uxln8blpmn0,TRUE,Bootstrap/model-development record; not a raw registered transaction.
282,Maharashtra,Sangli,Sangli,Main Residential,Apartment,Semi-Furnished,900,2,2,7,5,4567,4471.84,4020000,2026-09-14,Housing.com Maharashtra property-rate benchmark,published_market_benchmark,https://housing.com/price-trends/property-rates-for-buy-in-maharashtra_india-P3mm15uxln8blpmn0,TRUE,Bootstrap/model-development record; not a raw registered transaction.
283,Maharashtra,Sangli,Sangli,Main Residential,Apartment,Fully Furnished,1350,3,3,2,18,4567,5458.41,7370000,2026-09-14,Housing.com Maharashtra property-rate benchmark,published_market_benchmark,https://housing.com/price-trends/property-rates-for-buy-in-maharashtra_india-P3mm15uxln8blpmn0,TRUE,Bootstrap/model-development record; not a raw registered transaction.
284,Maharashtra,Sangli,Sangli,Main Residential,Apartment,Fully Furnished,1800,4,4,5,9,4567,5354.26,9640000,2026-09-14,Housing.com Maharashtra property-rate benchmark,published_market_benchmark,https://housing.com/price-trends/property-rates-for-buy-in-maharashtra_india-P3mm15uxln8blpmn0,TRUE,Bootstrap/model-development record; not a raw registered transaction.
285,Maharashtra,Sangli,Sangli,Main Residential,Independent House,Semi-Furnished,1100,2,2,3,2,4567,4618.7,5080000,2026-09-14,Housing.com Maharashtra property-rate benchmark,published_market_benchmark,https://housing.com/price-trends/property-rates-for-buy-in-maharashtra_india-P3mm15uxln8blpmn0,TRUE,Bootstrap/model-development record; not a raw registered transaction.
286,Maharashtra,Sangli,Sangli,Main Residential,Independent House,Fully Furnished,1650,3,3,5,3,4567,4838.0,7980000,2026-09-14,Housing.com Maharashtra property-rate benchmark,published_market_benchmark,https://housing.com/price-trends/property-rates-for-buy-in-maharashtra_india-P3mm15uxln8blpmn0,TRUE,Bootstrap/model-development record; not a raw registered transaction.
287,Maharashtra,Sangli,Sangli,Main Residential,Independent House,Fully Furnished,2300,4,4,15,4,4567,4725.05,10870000,2026-09-14,Housing.com Maharashtra property-rate benchmark,published_market_benchmark,https://housing.com/price-trends/property-rates-for-buy-in-maharashtra_india-P3mm15uxln8blpmn0,TRUE,Bootstrap/model-development record; not a raw registered transaction.
288,Maharashtra,Sangli,Sangli,Main Residential,Villa,Semi-Furnished,2200,3,3,5,3,4567,5634.33,12400000,2026-09-14,Housing.com Maharashtra property-rate benchmark,published_market_benchmark,https://housing.com/price-trends/property-rates-for-buy-in-maharashtra_india-P3mm15uxln8blpmn0,TRUE,Bootstrap/model-development record; not a raw registered transaction.
289,Maharashtra,Sangli,Sangli,Main Residential,Villa,Fully Furnished,3000,4,4,10,3,4567,5598.54,16800000,2026-09-14,Housing.com Maharashtra property-rate benchmark,published_market_benchmark,https://housing.com/price-trends/property-rates-for-buy-in-maharashtra_india-P3mm15uxln8blpmn0,TRUE,Bootstrap/model-development record; not a raw registered transaction.
290,Maharashtra,Sangli,Sangli,Main Residential,Villa,Fully Furnished,4200,5,5,1,4,4567,7327.19,30770000,2026-09-14,Housing.com Maharashtra property-rate benchmark,published_market_benchmark,https://housing.com/price-trends/property-rates-for-buy-in-maharashtra_india-P3mm15uxln8blpmn0,TRUE,Bootstrap/model-development record; not a raw registered transaction.
291,Maharashtra,Sangli,Sangli,Growth / Peripheral,Apartment,Unfurnished,550,1,1,7,3,4567,3445.77,1900000,2026-09-14,Housing.com Maharashtra property-rate benchmark,published_market_benchmark,https://housing.com/price-trends/property-rates-for-buy-in-maharashtra_india-P3mm15uxln8blpmn0,TRUE,Bootstrap/model-development record; not a raw registered transaction.
292,Maharashtra,Sangli,Sangli,Growth / Peripheral,Apartment,Semi-Furnished,900,2,2,12,17,4567,3637.39,3270000,2026-09-14,Housing.com Maharashtra property-rate benchmark,published_market_benchmark,https://housing.com/price-trends/property-rates-for-buy-in-maharashtra_india-P3mm15uxln8blpmn0,TRUE,Bootstrap/model-development record; not a raw registered transaction.
293,Maharashtra,Sangli,Sangli,Growth / Peripheral,Apartment,Fully Furnished,1350,3,3,12,19,4567,3845.16,5190000,2026-09-14,Housing.com Maharashtra property-rate benchmark,published_market_benchmark,https://housing.com/price-trends/property-rates-for-buy-in-maharashtra_india-P3mm15uxln8blpmn0,TRUE,Bootstrap/model-development record; not a raw registered transaction.
294,Maharashtra,Sangli,Sangli,Growth / Peripheral,Apartment,Fully Furnished,1800,4,4,12,11,4567,4071.58,7330000,2026-09-14,Housing.com Maharashtra property-rate benchmark,published_market_benchmark,https://housing.com/price-trends/property-rates-for-buy-in-maharashtra_india-P3mm15uxln8blpmn0,TRUE,Bootstrap/model-development record; not a raw registered transaction.
295,Maharashtra,Sangli,Sangli,Growth / Peripheral,Independent House,Semi-Furnished,1100,2,2,10,2,4567,3551.96,3910000,2026-09-14,Housing.com Maharashtra property-rate benchmark,published_market_benchmark,https://housing.com/price-trends/property-rates-for-buy-in-maharashtra_india-P3mm15uxln8blpmn0,TRUE,Bootstrap/model-development record; not a raw registered transaction.
296,Maharashtra,Sangli,Sangli,Growth / Peripheral,Independent House,Fully Furnished,1650,3,3,12,2,4567,3695.15,6100000,2026-09-14,Housing.com Maharashtra property-rate benchmark,published_market_benchmark,https://housing.com/price-trends/property-rates-for-buy-in-maharashtra_india-P3mm15uxln8blpmn0,TRUE,Bootstrap/model-development record; not a raw registered transaction.
297,Maharashtra,Sangli,Sangli,Growth / Peripheral,Independent House,Fully Furnished,2300,4,4,12,4,4567,4085.22,9400000,2026-09-14,Housing.com Maharashtra property-rate benchmark,published_market_benchmark,https://housing.com/price-trends/property-rates-for-buy-in-maharashtra_india-P3mm15uxln8blpmn0,TRUE,Bootstrap/model-development record; not a raw registered transaction.
298,Maharashtra,Sangli,Sangli,Growth / Peripheral,Villa,Semi-Furnished,2200,3,3,5,4,4567,4527.42,9960000,2026-09-14,Housing.com Maharashtra property-rate benchmark,published_market_benchmark,https://housing.com/price-trends/property-rates-for-buy-in-maharashtra_india-P3mm15uxln8blpmn0,TRUE,Bootstrap/model-development record; not a raw registered transaction.
299,Maharashtra,Sangli,Sangli,Growth / Peripheral,Villa,Fully Furnished,3000,4,4,5,1,4567,4969.07,14910000,2026-09-14,Housing.com Maharashtra property-rate benchmark,published_market_benchmark,https://housing.com/price-trends/property-rates-for-buy-in-maharashtra_india-P3mm15uxln8blpmn0,TRUE,Bootstrap/model-development record; not a raw registered transaction.
300,Maharashtra,Sangli,Sangli,Growth / Peripheral,Villa,Fully Furnished,4200,5,5,10,3,4567,5505.15,23120000,2026-09-14,Housing.com Maharashtra property-rate benchmark,published_market_benchmark,https://housing.com/price-trends/property-rates-for-buy-in-maharashtra_india-P3mm15uxln8blpmn0,TRUE,Bootstrap/model-development record; not a raw registered transaction.
301,Maharashtra,Kolhapur,Kolhapur,Core / Established,Apartment,Unfurnished,550,1,1,12,20,5018,5318.05,2920000,2026-09-14,Housing.com Maharashtra property-rate benchmark,published_market_benchmark,https://housing.com/price-trends/property-rates-for-buy-in-maharashtra_india-P3mm15uxln8blpmn0,TRUE,Bootstrap/model-development record; not a raw registered transaction.
302,Maharashtra,Kolhapur,Kolhapur,Core / Established,Apartment,Semi-Furnished,900,2,2,12,17,5018,5827.31,5240000,2026-09-14,Housing.com Maharashtra property-rate benchmark,published_market_benchmark,https://housing.com/price-trends/property-rates-for-buy-in-maharashtra_india-P3mm15uxln8blpmn0,TRUE,Bootstrap/model-development record; not a raw registered transaction.
303,Maharashtra,Kolhapur,Kolhapur,Core / Established,Apartment,Fully Furnished,1350,3,3,12,16,5018,6232.55,8410000,2026-09-14,Housing.com Maharashtra property-rate benchmark,published_market_benchmark,https://housing.com/price-trends/property-rates-for-buy-in-maharashtra_india-P3mm15uxln8blpmn0,TRUE,Bootstrap/model-development record; not a raw registered transaction.
304,Maharashtra,Kolhapur,Kolhapur,Core / Established,Apartment,Fully Furnished,1800,4,4,3,19,5018,7315.96,13170000,2026-09-14,Housing.com Maharashtra property-rate benchmark,published_market_benchmark,https://housing.com/price-trends/property-rates-for-buy-in-maharashtra_india-P3mm15uxln8blpmn0,TRUE,Bootstrap/model-development record; not a raw registered transaction.
305,Maharashtra,Kolhapur,Kolhapur,Core / Established,Independent House,Semi-Furnished,1100,2,2,7,5,5018,5684.65,6250000,2026-09-14,Housing.com Maharashtra property-rate benchmark,published_market_benchmark,https://housing.com/price-trends/property-rates-for-buy-in-maharashtra_india-P3mm15uxln8blpmn0,TRUE,Bootstrap/model-development record; not a raw registered transaction.
306,Maharashtra,Kolhapur,Kolhapur,Core / Established,Independent House,Fully Furnished,1650,3,3,7,1,5018,6093.61,10050000,2026-09-14,Housing.com Maharashtra property-rate benchmark,published_market_benchmark,https://housing.com/price-trends/property-rates-for-buy-in-maharashtra_india-P3mm15uxln8blpmn0,TRUE,Bootstrap/model-development record; not a raw registered transaction.
307,Maharashtra,Kolhapur,Kolhapur,Core / Established,Independent House,Fully Furnished,2300,4,4,12,2,5018,6525.57,15010000,2026-09-14,Housing.com Maharashtra property-rate benchmark,published_market_benchmark,https://housing.com/price-trends/property-rates-for-buy-in-maharashtra_india-P3mm15uxln8blpmn0,TRUE,Bootstrap/model-development record; not a raw registered transaction.
308,Maharashtra,Kolhapur,Kolhapur,Core / Established,Villa,Semi-Furnished,2200,3,3,2,3,5018,7678.92,16890000,2026-09-14,Housing.com Maharashtra property-rate benchmark,published_market_benchmark,https://housing.com/price-trends/property-rates-for-buy-in-maharashtra_india-P3mm15uxln8blpmn0,TRUE,Bootstrap/model-development record; not a raw registered transaction.
309,Maharashtra,Kolhapur,Kolhapur,Core / Established,Villa,Fully Furnished,3000,4,4,1,2,5018,8173.69,24520000,2026-09-14,Housing.com Maharashtra property-rate benchmark,published_market_benchmark,https://housing.com/price-trends/property-rates-for-buy-in-maharashtra_india-P3mm15uxln8blpmn0,TRUE,Bootstrap/model-development record; not a raw registered transaction.
310,Maharashtra,Kolhapur,Kolhapur,Core / Established,Villa,Fully Furnished,4200,5,5,10,1,5018,8217.78,34510000,2026-09-14,Housing.com Maharashtra property-rate benchmark,published_market_benchmark,https://housing.com/price-trends/property-rates-for-buy-in-maharashtra_india-P3mm15uxln8blpmn0,TRUE,Bootstrap/model-development record; not a raw registered transaction.
311,Maharashtra,Kolhapur,Kolhapur,Main Residential,Apartment,Unfurnished,550,1,1,5,15,5018,5017.31,2760000,2026-09-14,Housing.com Maharashtra property-rate benchmark,published_market_benchmark,https://housing.com/price-trends/property-rates-for-buy-in-maharashtra_india-P3mm15uxln8blpmn0,TRUE,Bootstrap/model-development record; not a raw registered transaction.
312,Maharashtra,Kolhapur,Kolhapur,Main Residential,Apartment,Semi-Furnished,900,2,2,15,20,5018,4586.48,4130000,2026-09-14,Housing.com Maharashtra property-rate benchmark,published_market_benchmark,https://housing.com/price-trends/property-rates-for-buy-in-maharashtra_india-P3mm15uxln8blpmn0,TRUE,Bootstrap/model-development record; not a raw registered transaction.
313,Maharashtra,Kolhapur,Kolhapur,Main Residential,Apartment,Fully Furnished,1350,3,3,12,15,5018,5109.27,6900000,2026-09-14,Housing.com Maharashtra property-rate benchmark,published_market_benchmark,https://housing.com/price-trends/property-rates-for-buy-in-maharashtra_india-P3mm15uxln8blpmn0,TRUE,Bootstrap/model-development record; not a raw registered transaction.
314,Maharashtra,Kolhapur,Kolhapur,Main Residential,Apartment,Fully Furnished,1800,4,4,7,2,5018,5302.54,9540000,2026-09-14,Housing.com Maharashtra property-rate benchmark,published_market_benchmark,https://housing.com/price-trends/property-rates-for-buy-in-maharashtra_india-P3mm15uxln8blpmn0,TRUE,Bootstrap/model-development record; not a raw registered transaction.
315,Maharashtra,Kolhapur,Kolhapur,Main Residential,Independent House,Semi-Furnished,1100,2,2,2,2,5018,5001.74,5500000,2026-09-14,Housing.com Maharashtra property-rate benchmark,published_market_benchmark,https://housing.com/price-trends/property-rates-for-buy-in-maharashtra_india-P3mm15uxln8blpmn0,TRUE,Bootstrap/model-development record; not a raw registered transaction.
316,Maharashtra,Kolhapur,Kolhapur,Main Residential,Independent House,Fully Furnished,1650,3,3,15,3,5018,4558.3,7520000,2026-09-14,Housing.com Maharashtra property-rate benchmark,published_market_benchmark,https://housing.com/price-trends/property-rates-for-buy-in-maharashtra_india-P3mm15uxln8blpmn0,TRUE,Bootstrap/model-development record; not a raw registered transaction.
317,Maharashtra,Kolhapur,Kolhapur,Main Residential,Independent House,Fully Furnished,2300,4,4,15,2,5018,5281.03,12150000,2026-09-14,Housing.com Maharashtra property-rate benchmark,published_market_benchmark,https://housing.com/price-trends/property-rates-for-buy-in-maharashtra_india-P3mm15uxln8blpmn0,TRUE,Bootstrap/model-development record; not a raw registered transaction.
318,Maharashtra,Kolhapur,Kolhapur,Main Residential,Villa,Semi-Furnished,2200,3,3,3,1,5018,6415.97,14120000,2026-09-14,Housing.com Maharashtra property-rate benchmark,published_market_benchmark,https://housing.com/price-trends/property-rates-for-buy-in-maharashtra_india-P3mm15uxln8blpmn0,TRUE,Bootstrap/model-development record; not a raw registered transaction.
319,Maharashtra,Kolhapur,Kolhapur,Main Residential,Villa,Fully Furnished,3000,4,4,2,3,5018,6896.91,20690000,2026-09-14,Housing.com Maharashtra property-rate benchmark,published_market_benchmark,https://housing.com/price-trends/property-rates-for-buy-in-maharashtra_india-P3mm15uxln8blpmn0,TRUE,Bootstrap/model-development record; not a raw registered transaction.
320,Maharashtra,Kolhapur,Kolhapur,Main Residential,Villa,Fully Furnished,4200,5,5,12,5,5018,6815.24,28620000,2026-09-14,Housing.com Maharashtra property-rate benchmark,published_market_benchmark,https://housing.com/price-trends/property-rates-for-buy-in-maharashtra_india-P3mm15uxln8blpmn0,TRUE,Bootstrap/model-development record; not a raw registered transaction.
321,Maharashtra,Kolhapur,Kolhapur,Growth / Peripheral,Apartment,Unfurnished,550,1,1,2,5,5018,4033.78,2220000,2026-09-14,Housing.com Maharashtra property-rate benchmark,published_market_benchmark,https://housing.com/price-trends/property-rates-for-buy-in-maharashtra_india-P3mm15uxln8blpmn0,TRUE,Bootstrap/model-development record; not a raw registered transaction.
322,Maharashtra,Kolhapur,Kolhapur,Growth / Peripheral,Apartment,Semi-Furnished,900,2,2,10,15,5018,4247.66,3820000,2026-09-14,Housing.com Maharashtra property-rate benchmark,published_market_benchmark,https://housing.com/price-trends/property-rates-for-buy-in-maharashtra_india-P3mm15uxln8blpmn0,TRUE,Bootstrap/model-development record; not a raw registered transaction.
323,Maharashtra,Kolhapur,Kolhapur,Growth / Peripheral,Apartment,Fully Furnished,1350,3,3,2,3,5018,4563.15,6160000,2026-09-14,Housing.com Maharashtra property-rate benchmark,published_market_benchmark,https://housing.com/price-trends/property-rates-for-buy-in-maharashtra_india-P3mm15uxln8blpmn0,TRUE,Bootstrap/model-development record; not a raw registered transaction.
324,Maharashtra,Kolhapur,Kolhapur,Growth / Peripheral,Apartment,Fully Furnished,1800,4,4,10,18,5018,4656.68,8380000,2026-09-14,Housing.com Maharashtra property-rate benchmark,published_market_benchmark,https://housing.com/price-trends/property-rates-for-buy-in-maharashtra_india-P3mm15uxln8blpmn0,TRUE,Bootstrap/model-development record; not a raw registered transaction.
325,Maharashtra,Kolhapur,Kolhapur,Growth / Peripheral,Independent House,Semi-Furnished,1100,2,2,12,4,5018,3748.08,4120000,2026-09-14,Housing.com Maharashtra property-rate benchmark,published_market_benchmark,https://housing.com/price-trends/property-rates-for-buy-in-maharashtra_india-P3mm15uxln8blpmn0,TRUE,Bootstrap/model-development record; not a raw registered transaction.
326,Maharashtra,Kolhapur,Kolhapur,Growth / Peripheral,Independent House,Fully Furnished,1650,3,3,1,3,5018,4819.92,7950000,2026-09-14,Housing.com Maharashtra property-rate benchmark,published_market_benchmark,https://housing.com/price-trends/property-rates-for-buy-in-maharashtra_india-P3mm15uxln8blpmn0,TRUE,Bootstrap/model-development record; not a raw registered transaction.
327,Maharashtra,Kolhapur,Kolhapur,Growth / Peripheral,Independent House,Fully Furnished,2300,4,4,7,5,5018,4633.33,10660000,2026-09-14,Housing.com Maharashtra property-rate benchmark,published_market_benchmark,https://housing.com/price-trends/property-rates-for-buy-in-maharashtra_india-P3mm15uxln8blpmn0,TRUE,Bootstrap/model-development record; not a raw registered transaction.
328,Maharashtra,Kolhapur,Kolhapur,Growth / Peripheral,Villa,Semi-Furnished,2200,3,3,2,2,5018,5441.41,11970000,2026-09-14,Housing.com Maharashtra property-rate benchmark,published_market_benchmark,https://housing.com/price-trends/property-rates-for-buy-in-maharashtra_india-P3mm15uxln8blpmn0,TRUE,Bootstrap/model-development record; not a raw registered transaction.
329,Maharashtra,Kolhapur,Kolhapur,Growth / Peripheral,Villa,Fully Furnished,3000,4,4,15,2,5018,4801.61,14400000,2026-09-14,Housing.com Maharashtra property-rate benchmark,published_market_benchmark,https://housing.com/price-trends/property-rates-for-buy-in-maharashtra_india-P3mm15uxln8blpmn0,TRUE,Bootstrap/model-development record; not a raw registered transaction.
330,Maharashtra,Kolhapur,Kolhapur,Growth / Peripheral,Villa,Fully Furnished,4200,5,5,3,3,5018,6230.26,26170000,2026-09-14,Housing.com Maharashtra property-rate benchmark,published_market_benchmark,https://housing.com/price-trends/property-rates-for-buy-in-maharashtra_india-P3mm15uxln8blpmn0,TRUE,Bootstrap/model-development record; not a raw registered transaction.
331,Maharashtra,Solapur,Solapur,Core / Established,Apartment,Unfurnished,550,1,1,15,2,6101,6046.34,3330000,2026-09-14,Housing.com Maharashtra property-rate benchmark,published_market_benchmark,https://housing.com/price-trends/property-rates-for-buy-in-maharashtra_india-P3mm15uxln8blpmn0,TRUE,Bootstrap/model-development record; not a raw registered transaction.
332,Maharashtra,Solapur,Solapur,Core / Established,Apartment,Semi-Furnished,900,2,2,12,14,6101,6869.0,6180000,2026-09-14,Housing.com Maharashtra property-rate benchmark,published_market_benchmark,https://housing.com/price-trends/property-rates-for-buy-in-maharashtra_india-P3mm15uxln8blpmn0,TRUE,Bootstrap/model-development record; not a raw registered transaction.
333,Maharashtra,Solapur,Solapur,Core / Established,Apartment,Fully Furnished,1350,3,3,2,14,6101,8480.47,11450000,2026-09-14,Housing.com Maharashtra property-rate benchmark,published_market_benchmark,https://housing.com/price-trends/property-rates-for-buy-in-maharashtra_india-P3mm15uxln8blpmn0,TRUE,Bootstrap/model-development record; not a raw registered transaction.
334,Maharashtra,Solapur,Solapur,Core / Established,Apartment,Fully Furnished,1800,4,4,5,10,6101,8147.44,14670000,2026-09-14,Housing.com Maharashtra property-rate benchmark,published_market_benchmark,https://housing.com/price-trends/property-rates-for-buy-in-maharashtra_india-P3mm15uxln8blpmn0,TRUE,Bootstrap/model-development record; not a raw registered transaction.
335,Maharashtra,Solapur,Solapur,Core / Established,Independent House,Semi-Furnished,1100,2,2,12,5,6101,6688.07,7360000,2026-09-14,Housing.com Maharashtra property-rate benchmark,published_market_benchmark,https://housing.com/price-trends/property-rates-for-buy-in-maharashtra_india-P3mm15uxln8blpmn0,TRUE,Bootstrap/model-development record; not a raw registered transaction.
336,Maharashtra,Solapur,Solapur,Core / Established,Independent House,Fully Furnished,1650,3,3,3,3,6101,7624.02,12580000,2026-09-14,Housing.com Maharashtra property-rate benchmark,published_market_benchmark,https://housing.com/price-trends/property-rates-for-buy-in-maharashtra_india-P3mm15uxln8blpmn0,TRUE,Bootstrap/model-development record; not a raw registered transaction.
337,Maharashtra,Solapur,Solapur,Core / Established,Independent House,Fully Furnished,2300,4,4,1,3,6101,8889.61,20450000,2026-09-14,Housing.com Maharashtra property-rate benchmark,published_market_benchmark,https://housing.com/price-trends/property-rates-for-buy-in-maharashtra_india-P3mm15uxln8blpmn0,TRUE,Bootstrap/model-development record; not a raw registered transaction.
338,Maharashtra,Solapur,Solapur,Core / Established,Villa,Semi-Furnished,2200,3,3,5,5,6101,8974.41,19740000,2026-09-14,Housing.com Maharashtra property-rate benchmark,published_market_benchmark,https://housing.com/price-trends/property-rates-for-buy-in-maharashtra_india-P3mm15uxln8blpmn0,TRUE,Bootstrap/model-development record; not a raw registered transaction.
339,Maharashtra,Solapur,Solapur,Core / Established,Villa,Fully Furnished,3000,4,4,5,2,6101,9612.19,28840000,2026-09-14,Housing.com Maharashtra property-rate benchmark,published_market_benchmark,https://housing.com/price-trends/property-rates-for-buy-in-maharashtra_india-P3mm15uxln8blpmn0,TRUE,Bootstrap/model-development record; not a raw registered transaction.
340,Maharashtra,Solapur,Solapur,Core / Established,Villa,Fully Furnished,4200,5,5,1,1,6101,11356.34,47700000,2026-09-14,Housing.com Maharashtra property-rate benchmark,published_market_benchmark,https://housing.com/price-trends/property-rates-for-buy-in-maharashtra_india-P3mm15uxln8blpmn0,TRUE,Bootstrap/model-development record; not a raw registered transaction.
341,Maharashtra,Solapur,Solapur,Main Residential,Apartment,Unfurnished,550,1,1,5,14,6101,6194.3,3410000,2026-09-14,Housing.com Maharashtra property-rate benchmark,published_market_benchmark,https://housing.com/price-trends/property-rates-for-buy-in-maharashtra_india-P3mm15uxln8blpmn0,TRUE,Bootstrap/model-development record; not a raw registered transaction.
342,Maharashtra,Solapur,Solapur,Main Residential,Apartment,Semi-Furnished,900,2,2,10,2,6101,5916.06,5320000,2026-09-14,Housing.com Maharashtra property-rate benchmark,published_market_benchmark,https://housing.com/price-trends/property-rates-for-buy-in-maharashtra_india-P3mm15uxln8blpmn0,TRUE,Bootstrap/model-development record; not a raw registered transaction.
343,Maharashtra,Solapur,Solapur,Main Residential,Apartment,Fully Furnished,1350,3,3,5,16,6101,6800.61,9180000,2026-09-14,Housing.com Maharashtra property-rate benchmark,published_market_benchmark,https://housing.com/price-trends/property-rates-for-buy-in-maharashtra_india-P3mm15uxln8blpmn0,TRUE,Bootstrap/model-development record; not a raw registered transaction.
344,Maharashtra,Solapur,Solapur,Main Residential,Apartment,Fully Furnished,1800,4,4,5,16,6101,7290.47,13120000,2026-09-14,Housing.com Maharashtra property-rate benchmark,published_market_benchmark,https://housing.com/price-trends/property-rates-for-buy-in-maharashtra_india-P3mm15uxln8blpmn0,TRUE,Bootstrap/model-development record; not a raw registered transaction.
345,Maharashtra,Solapur,Solapur,Main Residential,Independent House,Semi-Furnished,1100,2,2,2,5,6101,6555.69,7210000,2026-09-14,Housing.com Maharashtra property-rate benchmark,published_market_benchmark,https://housing.com/price-trends/property-rates-for-buy-in-maharashtra_india-P3mm15uxln8blpmn0,TRUE,Bootstrap/model-development record; not a raw registered transaction.
346,Maharashtra,Solapur,Solapur,Main Residential,Independent House,Fully Furnished,1650,3,3,1,2,6101,7145.96,11790000,2026-09-14,Housing.com Maharashtra property-rate benchmark,published_market_benchmark,https://housing.com/price-trends/property-rates-for-buy-in-maharashtra_india-P3mm15uxln8blpmn0,TRUE,Bootstrap/model-development record; not a raw registered transaction.
347,Maharashtra,Solapur,Solapur,Main Residential,Independent House,Fully Furnished,2300,4,4,7,3,6101,6885.91,15840000,2026-09-14,Housing.com Maharashtra property-rate benchmark,published_market_benchmark,https://housing.com/price-trends/property-rates-for-buy-in-maharashtra_india-P3mm15uxln8blpmn0,TRUE,Bootstrap/model-development record; not a raw registered transaction.
348,Maharashtra,Solapur,Solapur,Main Residential,Villa,Semi-Furnished,2200,3,3,3,5,6101,7745.31,17040000,2026-09-14,Housing.com Maharashtra property-rate benchmark,published_market_benchmark,https://housing.com/price-trends/property-rates-for-buy-in-maharashtra_india-P3mm15uxln8blpmn0,TRUE,Bootstrap/model-development record; not a raw registered transaction.
349,Maharashtra,Solapur,Solapur,Main Residential,Villa,Fully Furnished,3000,4,4,5,3,6101,8369.68,25110000,2026-09-14,Housing.com Maharashtra property-rate benchmark,published_market_benchmark,https://housing.com/price-trends/property-rates-for-buy-in-maharashtra_india-P3mm15uxln8blpmn0,TRUE,Bootstrap/model-development record; not a raw registered transaction.
350,Maharashtra,Solapur,Solapur,Main Residential,Villa,Fully Furnished,4200,5,5,5,4,6101,8758.51,36790000,2026-09-14,Housing.com Maharashtra property-rate benchmark,published_market_benchmark,https://housing.com/price-trends/property-rates-for-buy-in-maharashtra_india-P3mm15uxln8blpmn0,TRUE,Bootstrap/model-development record; not a raw registered transaction.
351,Maharashtra,Solapur,Solapur,Growth / Peripheral,Apartment,Unfurnished,550,1,1,5,19,6101,4884.98,2690000,2026-09-14,Housing.com Maharashtra property-rate benchmark,published_market_benchmark,https://housing.com/price-trends/property-rates-for-buy-in-maharashtra_india-P3mm15uxln8blpmn0,TRUE,Bootstrap/model-development record; not a raw registered transaction.
352,Maharashtra,Solapur,Solapur,Growth / Peripheral,Apartment,Semi-Furnished,900,2,2,10,18,6101,4976.35,4480000,2026-09-14,Housing.com Maharashtra property-rate benchmark,published_market_benchmark,https://housing.com/price-trends/property-rates-for-buy-in-maharashtra_india-P3mm15uxln8blpmn0,TRUE,Bootstrap/model-development record; not a raw registered transaction.
353,Maharashtra,Solapur,Solapur,Growth / Peripheral,Apartment,Fully Furnished,1350,3,3,1,12,6101,5937.99,8020000,2026-09-14,Housing.com Maharashtra property-rate benchmark,published_market_benchmark,https://housing.com/price-trends/property-rates-for-buy-in-maharashtra_india-P3mm15uxln8blpmn0,TRUE,Bootstrap/model-development record; not a raw registered transaction.
354,Maharashtra,Solapur,Solapur,Growth / Peripheral,Apartment,Fully Furnished,1800,4,4,1,3,6101,6136.93,11050000,2026-09-14,Housing.com Maharashtra property-rate benchmark,published_market_benchmark,https://housing.com/price-trends/property-rates-for-buy-in-maharashtra_india-P3mm15uxln8blpmn0,TRUE,Bootstrap/model-development record; not a raw registered transaction.
355,Maharashtra,Solapur,Solapur,Growth / Peripheral,Independent House,Semi-Furnished,1100,2,2,1,4,6101,5578.14,6140000,2026-09-14,Housing.com Maharashtra property-rate benchmark,published_market_benchmark,https://housing.com/price-trends/property-rates-for-buy-in-maharashtra_india-P3mm15uxln8blpmn0,TRUE,Bootstrap/model-development record; not a raw registered transaction.
356,Maharashtra,Solapur,Solapur,Growth / Peripheral,Independent House,Fully Furnished,1650,3,3,15,5,6101,4836.62,7980000,2026-09-14,Housing.com Maharashtra property-rate benchmark,published_market_benchmark,https://housing.com/price-trends/property-rates-for-buy-in-maharashtra_india-P3mm15uxln8blpmn0,TRUE,Bootstrap/model-development record; not a raw registered transaction.
357,Maharashtra,Solapur,Solapur,Growth / Peripheral,Independent House,Fully Furnished,2300,4,4,1,3,6101,6203.79,14270000,2026-09-14,Housing.com Maharashtra property-rate benchmark,published_market_benchmark,https://housing.com/price-trends/property-rates-for-buy-in-maharashtra_india-P3mm15uxln8blpmn0,TRUE,Bootstrap/model-development record; not a raw registered transaction.
358,Maharashtra,Solapur,Solapur,Growth / Peripheral,Villa,Semi-Furnished,2200,3,3,15,3,6101,5675.43,12490000,2026-09-14,Housing.com Maharashtra property-rate benchmark,published_market_benchmark,https://housing.com/price-trends/property-rates-for-buy-in-maharashtra_india-P3mm15uxln8blpmn0,TRUE,Bootstrap/model-development record; not a raw registered transaction.
359,Maharashtra,Solapur,Solapur,Growth / Peripheral,Villa,Fully Furnished,3000,4,4,3,1,6101,6919.35,20760000,2026-09-14,Housing.com Maharashtra property-rate benchmark,published_market_benchmark,https://housing.com/price-trends/property-rates-for-buy-in-maharashtra_india-P3mm15uxln8blpmn0,TRUE,Bootstrap/model-development record; not a raw registered transaction.
360,Maharashtra,Solapur,Solapur,Growth / Peripheral,Villa,Fully Furnished,4200,5,5,5,3,6101,7766.89,32620000,2026-09-14,Housing.com Maharashtra property-rate benchmark,published_market_benchmark,https://housing.com/price-trends/property-rates-for-buy-in-maharashtra_india-P3mm15uxln8blpmn0,TRUE,Bootstrap/model-development record; not a raw registered transaction.
361,Maharashtra,Nashik,Nashik,Core / Established,Apartment,Unfurnished,550,1,1,1,15,4878,5981.52,3290000,2026-09-14,Housing.com Maharashtra property-rate benchmark,published_market_benchmark,https://housing.com/price-trends/property-rates-for-buy-in-maharashtra_india-P3mm15uxln8blpmn0,TRUE,Bootstrap/model-development record; not a raw registered transaction.
362,Maharashtra,Nashik,Nashik,Core / Established,Apartment,Semi-Furnished,900,2,2,7,10,4878,5801.53,5220000,2026-09-14,Housing.com Maharashtra property-rate benchmark,published_market_benchmark,https://housing.com/price-trends/property-rates-for-buy-in-maharashtra_india-P3mm15uxln8blpmn0,TRUE,Bootstrap/model-development record; not a raw registered transaction.
363,Maharashtra,Nashik,Nashik,Core / Established,Apartment,Fully Furnished,1350,3,3,7,5,4878,5976.0,8070000,2026-09-14,Housing.com Maharashtra property-rate benchmark,published_market_benchmark,https://housing.com/price-trends/property-rates-for-buy-in-maharashtra_india-P3mm15uxln8blpmn0,TRUE,Bootstrap/model-development record; not a raw registered transaction.
364,Maharashtra,Nashik,Nashik,Core / Established,Apartment,Fully Furnished,1800,4,4,3,11,4878,6586.49,11860000,2026-09-14,Housing.com Maharashtra property-rate benchmark,published_market_benchmark,https://housing.com/price-trends/property-rates-for-buy-in-maharashtra_india-P3mm15uxln8blpmn0,TRUE,Bootstrap/model-development record; not a raw registered transaction.
365,Maharashtra,Nashik,Nashik,Core / Established,Independent House,Semi-Furnished,1100,2,2,15,2,4878,5004.62,5510000,2026-09-14,Housing.com Maharashtra property-rate benchmark,published_market_benchmark,https://housing.com/price-trends/property-rates-for-buy-in-maharashtra_india-P3mm15uxln8blpmn0,TRUE,Bootstrap/model-development record; not a raw registered transaction.
366,Maharashtra,Nashik,Nashik,Core / Established,Independent House,Fully Furnished,1650,3,3,3,3,4878,6431.45,10610000,2026-09-14,Housing.com Maharashtra property-rate benchmark,published_market_benchmark,https://housing.com/price-trends/property-rates-for-buy-in-maharashtra_india-P3mm15uxln8blpmn0,TRUE,Bootstrap/model-development record; not a raw registered transaction.
367,Maharashtra,Nashik,Nashik,Core / Established,Independent House,Fully Furnished,2300,4,4,15,5,4878,5786.31,13310000,2026-09-14,Housing.com Maharashtra property-rate benchmark,published_market_benchmark,https://housing.com/price-trends/property-rates-for-buy-in-maharashtra_india-P3mm15uxln8blpmn0,TRUE,Bootstrap/model-development record; not a raw registered transaction.
368,Maharashtra,Nashik,Nashik,Core / Established,Villa,Semi-Furnished,2200,3,3,10,3,4878,6665.83,14660000,2026-09-14,Housing.com Maharashtra property-rate benchmark,published_market_benchmark,https://housing.com/price-trends/property-rates-for-buy-in-maharashtra_india-P3mm15uxln8blpmn0,TRUE,Bootstrap/model-development record; not a raw registered transaction.
369,Maharashtra,Nashik,Nashik,Core / Established,Villa,Fully Furnished,3000,4,4,2,1,4878,7720.54,23160000,2026-09-14,Housing.com Maharashtra property-rate benchmark,published_market_benchmark,https://housing.com/price-trends/property-rates-for-buy-in-maharashtra_india-P3mm15uxln8blpmn0,TRUE,Bootstrap/model-development record; not a raw registered transaction.
370,Maharashtra,Nashik,Nashik,Core / Established,Villa,Fully Furnished,4200,5,5,7,4,4878,8281.85,34780000,2026-09-14,Housing.com Maharashtra property-rate benchmark,published_market_benchmark,https://housing.com/price-trends/property-rates-for-buy-in-maharashtra_india-P3mm15uxln8blpmn0,TRUE,Bootstrap/model-development record; not a raw registered transaction.
371,Maharashtra,Nashik,Nashik,Main Residential,Apartment,Unfurnished,550,1,1,15,18,4878,4155.14,2290000,2026-09-14,Housing.com Maharashtra property-rate benchmark,published_market_benchmark,https://housing.com/price-trends/property-rates-for-buy-in-maharashtra_india-P3mm15uxln8blpmn0,TRUE,Bootstrap/model-development record; not a raw registered transaction.
372,Maharashtra,Nashik,Nashik,Main Residential,Apartment,Semi-Furnished,900,2,2,15,16,4878,4392.03,3950000,2026-09-14,Housing.com Maharashtra property-rate benchmark,published_market_benchmark,https://housing.com/price-trends/property-rates-for-buy-in-maharashtra_india-P3mm15uxln8blpmn0,TRUE,Bootstrap/model-development record; not a raw registered transaction.
373,Maharashtra,Nashik,Nashik,Main Residential,Apartment,Fully Furnished,1350,3,3,12,20,4878,5015.77,6770000,2026-09-14,Housing.com Maharashtra property-rate benchmark,published_market_benchmark,https://housing.com/price-trends/property-rates-for-buy-in-maharashtra_india-P3mm15uxln8blpmn0,TRUE,Bootstrap/model-development record; not a raw registered transaction.
374,Maharashtra,Nashik,Nashik,Main Residential,Apartment,Fully Furnished,1800,4,4,7,7,4878,5429.53,9770000,2026-09-14,Housing.com Maharashtra property-rate benchmark,published_market_benchmark,https://housing.com/price-trends/property-rates-for-buy-in-maharashtra_india-P3mm15uxln8blpmn0,TRUE,Bootstrap/model-development record; not a raw registered transaction.
375,Maharashtra,Nashik,Nashik,Main Residential,Independent House,Semi-Furnished,1100,2,2,1,4,4878,5206.69,5730000,2026-09-14,Housing.com Maharashtra property-rate benchmark,published_market_benchmark,https://housing.com/price-trends/property-rates-for-buy-in-maharashtra_india-P3mm15uxln8blpmn0,TRUE,Bootstrap/model-development record; not a raw registered transaction.
376,Maharashtra,Nashik,Nashik,Main Residential,Independent House,Fully Furnished,1650,3,3,1,3,4878,5564.15,9180000,2026-09-14,Housing.com Maharashtra property-rate benchmark,published_market_benchmark,https://housing.com/price-trends/property-rates-for-buy-in-maharashtra_india-P3mm15uxln8blpmn0,TRUE,Bootstrap/model-development record; not a raw registered transaction.
377,Maharashtra,Nashik,Nashik,Main Residential,Independent House,Fully Furnished,2300,4,4,7,1,4878,5559.55,12790000,2026-09-14,Housing.com Maharashtra property-rate benchmark,published_market_benchmark,https://housing.com/price-trends/property-rates-for-buy-in-maharashtra_india-P3mm15uxln8blpmn0,TRUE,Bootstrap/model-development record; not a raw registered transaction.
378,Maharashtra,Nashik,Nashik,Main Residential,Villa,Semi-Furnished,2200,3,3,7,5,4878,6019.68,13240000,2026-09-14,Housing.com Maharashtra property-rate benchmark,published_market_benchmark,https://housing.com/price-trends/property-rates-for-buy-in-maharashtra_india-P3mm15uxln8blpmn0,TRUE,Bootstrap/model-development record; not a raw registered transaction.
379,Maharashtra,Nashik,Nashik,Main Residential,Villa,Fully Furnished,3000,4,4,3,1,4878,6941.69,20830000,2026-09-14,Housing.com Maharashtra property-rate benchmark,published_market_benchmark,https://housing.com/price-trends/property-rates-for-buy-in-maharashtra_india-P3mm15uxln8blpmn0,TRUE,Bootstrap/model-development record; not a raw registered transaction.
380,Maharashtra,Nashik,Nashik,Main Residential,Villa,Fully Furnished,4200,5,5,2,1,4878,7451.9,31300000,2026-09-14,Housing.com Maharashtra property-rate benchmark,published_market_benchmark,https://housing.com/price-trends/property-rates-for-buy-in-maharashtra_india-P3mm15uxln8blpmn0,TRUE,Bootstrap/model-development record; not a raw registered transaction.
381,Maharashtra,Nashik,Nashik,Growth / Peripheral,Apartment,Unfurnished,550,1,1,7,15,4878,3957.94,2180000,2026-09-14,Housing.com Maharashtra property-rate benchmark,published_market_benchmark,https://housing.com/price-trends/property-rates-for-buy-in-maharashtra_india-P3mm15uxln8blpmn0,TRUE,Bootstrap/model-development record; not a raw registered transaction.
382,Maharashtra,Nashik,Nashik,Growth / Peripheral,Apartment,Semi-Furnished,900,2,2,1,16,4878,4340.1,3910000,2026-09-14,Housing.com Maharashtra property-rate benchmark,published_market_benchmark,https://housing.com/price-trends/property-rates-for-buy-in-maharashtra_india-P3mm15uxln8blpmn0,TRUE,Bootstrap/model-development record; not a raw registered transaction.
383,Maharashtra,Nashik,Nashik,Growth / Peripheral,Apartment,Fully Furnished,1350,3,3,15,11,4878,3947.65,5330000,2026-09-14,Housing.com Maharashtra property-rate benchmark,published_market_benchmark,https://housing.com/price-trends/property-rates-for-buy-in-maharashtra_india-P3mm15uxln8blpmn0,TRUE,Bootstrap/model-development record; not a raw registered transaction.
384,Maharashtra,Nashik,Nashik,Growth / Peripheral,Apartment,Fully Furnished,1800,4,4,15,10,4878,4191.34,7540000,2026-09-14,Housing.com Maharashtra property-rate benchmark,published_market_benchmark,https://housing.com/price-trends/property-rates-for-buy-in-maharashtra_india-P3mm15uxln8blpmn0,TRUE,Bootstrap/model-development record; not a raw registered transaction.
385,Maharashtra,Nashik,Nashik,Growth / Peripheral,Independent House,Semi-Furnished,1100,2,2,15,4,4878,3505.18,3860000,2026-09-14,Housing.com Maharashtra property-rate benchmark,published_market_benchmark,https://housing.com/price-trends/property-rates-for-buy-in-maharashtra_india-P3mm15uxln8blpmn0,TRUE,Bootstrap/model-development record; not a raw registered transaction.
386,Maharashtra,Nashik,Nashik,Growth / Peripheral,Independent House,Fully Furnished,1650,3,3,5,2,4878,4476.96,7390000,2026-09-14,Housing.com Maharashtra property-rate benchmark,published_market_benchmark,https://housing.com/price-trends/property-rates-for-buy-in-maharashtra_india-P3mm15uxln8blpmn0,TRUE,Bootstrap/model-development record; not a raw registered transaction.
387,Maharashtra,Nashik,Nashik,Growth / Peripheral,Independent House,Fully Furnished,2300,4,4,1,4,4878,5080.09,11680000,2026-09-14,Housing.com Maharashtra property-rate benchmark,published_market_benchmark,https://housing.com/price-trends/property-rates-for-buy-in-maharashtra_india-P3mm15uxln8blpmn0,TRUE,Bootstrap/model-development record; not a raw registered transaction.
388,Maharashtra,Nashik,Nashik,Growth / Peripheral,Villa,Semi-Furnished,2200,3,3,10,1,4878,4785.72,10530000,2026-09-14,Housing.com Maharashtra property-rate benchmark,published_market_benchmark,https://housing.com/price-trends/property-rates-for-buy-in-maharashtra_india-P3mm15uxln8blpmn0,TRUE,Bootstrap/model-development record; not a raw registered transaction.
389,Maharashtra,Nashik,Nashik,Growth / Peripheral,Villa,Fully Furnished,3000,4,4,2,1,4878,5558.59,16680000,2026-09-14,Housing.com Maharashtra property-rate benchmark,published_market_benchmark,https://housing.com/price-trends/property-rates-for-buy-in-maharashtra_india-P3mm15uxln8blpmn0,TRUE,Bootstrap/model-development record; not a raw registered transaction.
390,Maharashtra,Nashik,Nashik,Growth / Peripheral,Villa,Fully Furnished,4200,5,5,5,1,4878,5957.6,25020000,2026-09-14,Housing.com Maharashtra property-rate benchmark,published_market_benchmark,https://housing.com/price-trends/property-rates-for-buy-in-maharashtra_india-P3mm15uxln8blpmn0,TRUE,Bootstrap/model-development record; not a raw registered transaction.
391,Maharashtra,Dhule,Dhule,Core / Established,Apartment,Unfurnished,550,1,1,2,13,3500,4282.62,2360000,2026-09-14,Regional bootstrap estimate anchored to Maharashtra market benchmarks,derived_estimate,,TRUE,Bootstrap/model-development record; not a raw registered transaction.
392,Maharashtra,Dhule,Dhule,Core / Established,Apartment,Semi-Furnished,900,2,2,10,12,3500,3892.94,3500000,2026-09-14,Regional bootstrap estimate anchored to Maharashtra market benchmarks,derived_estimate,,TRUE,Bootstrap/model-development record; not a raw registered transaction.
393,Maharashtra,Dhule,Dhule,Core / Established,Apartment,Fully Furnished,1350,3,3,1,12,3500,4614.13,6230000,2026-09-14,Regional bootstrap estimate anchored to Maharashtra market benchmarks,derived_estimate,,TRUE,Bootstrap/model-development record; not a raw registered transaction.
394,Maharashtra,Dhule,Dhule,Core / Established,Apartment,Fully Furnished,1800,4,4,15,17,3500,4330.52,7790000,2026-09-14,Regional bootstrap estimate anchored to Maharashtra market benchmarks,derived_estimate,,TRUE,Bootstrap/model-development record; not a raw registered transaction.
395,Maharashtra,Dhule,Dhule,Core / Established,Independent House,Semi-Furnished,1100,2,2,7,1,3500,3996.27,4400000,2026-09-14,Regional bootstrap estimate anchored to Maharashtra market benchmarks,derived_estimate,,TRUE,Bootstrap/model-development record; not a raw registered transaction.
396,Maharashtra,Dhule,Dhule,Core / Established,Independent House,Fully Furnished,1650,3,3,3,5,3500,4590.1,7570000,2026-09-14,Regional bootstrap estimate anchored to Maharashtra market benchmarks,derived_estimate,,TRUE,Bootstrap/model-development record; not a raw registered transaction.
397,Maharashtra,Dhule,Dhule,Core / Established,Independent House,Fully Furnished,2300,4,4,10,4,3500,4598.62,10580000,2026-09-14,Regional bootstrap estimate anchored to Maharashtra market benchmarks,derived_estimate,,TRUE,Bootstrap/model-development record; not a raw registered transaction.
398,Maharashtra,Dhule,Dhule,Core / Established,Villa,Semi-Furnished,2200,3,3,3,5,3500,5117.61,11260000,2026-09-14,Regional bootstrap estimate anchored to Maharashtra market benchmarks,derived_estimate,,TRUE,Bootstrap/model-development record; not a raw registered transaction.
399,Maharashtra,Dhule,Dhule,Core / Established,Villa,Fully Furnished,3000,4,4,10,5,3500,5213.42,15640000,2026-09-14,Regional bootstrap estimate anchored to Maharashtra market benchmarks,derived_estimate,,TRUE,Bootstrap/model-development record; not a raw registered transaction.
400,Maharashtra,Dhule,Dhule,Core / Established,Villa,Fully Furnished,4200,5,5,12,5,3500,5535.11,23250000,2026-09-14,Regional bootstrap estimate anchored to Maharashtra market benchmarks,derived_estimate,,TRUE,Bootstrap/model-development record; not a raw registered transaction.
401,Maharashtra,Dhule,Dhule,Main Residential,Apartment,Unfurnished,550,1,1,2,2,3500,3530.19,1940000,2026-09-14,Regional bootstrap estimate anchored to Maharashtra market benchmarks,derived_estimate,,TRUE,Bootstrap/model-development record; not a raw registered transaction.
402,Maharashtra,Dhule,Dhule,Main Residential,Apartment,Semi-Furnished,900,2,2,7,10,3500,3413.98,3070000,2026-09-14,Regional bootstrap estimate anchored to Maharashtra market benchmarks,derived_estimate,,TRUE,Bootstrap/model-development record; not a raw registered transaction.
403,Maharashtra,Dhule,Dhule,Main Residential,Apartment,Fully Furnished,1350,3,3,1,17,3500,4251.13,5740000,2026-09-14,Regional bootstrap estimate anchored to Maharashtra market benchmarks,derived_estimate,,TRUE,Bootstrap/model-development record; not a raw registered transaction.
404,Maharashtra,Dhule,Dhule,Main Residential,Apartment,Fully Furnished,1800,4,4,3,3,3500,3891.98,7010000,2026-09-14,Regional bootstrap estimate anchored to Maharashtra market benchmarks,derived_estimate,,TRUE,Bootstrap/model-development record; not a raw registered transaction.
405,Maharashtra,Dhule,Dhule,Main Residential,Independent House,Semi-Furnished,1100,2,2,12,5,3500,3276.61,3600000,2026-09-14,Regional bootstrap estimate anchored to Maharashtra market benchmarks,derived_estimate,,TRUE,Bootstrap/model-development record; not a raw registered transaction.
406,Maharashtra,Dhule,Dhule,Main Residential,Independent House,Fully Furnished,1650,3,3,7,1,3500,3678.63,6070000,2026-09-14,Regional bootstrap estimate anchored to Maharashtra market benchmarks,derived_estimate,,TRUE,Bootstrap/model-development record; not a raw registered transaction.
407,Maharashtra,Dhule,Dhule,Main Residential,Independent House,Fully Furnished,2300,4,4,12,5,3500,3840.67,8830000,2026-09-14,Regional bootstrap estimate anchored to Maharashtra market benchmarks,derived_estimate,,TRUE,Bootstrap/model-development record; not a raw registered transaction.
408,Maharashtra,Dhule,Dhule,Main Residential,Villa,Semi-Furnished,2200,3,3,5,2,3500,4382.8,9640000,2026-09-14,Regional bootstrap estimate anchored to Maharashtra market benchmarks,derived_estimate,,TRUE,Bootstrap/model-development record; not a raw registered transaction.
409,Maharashtra,Dhule,Dhule,Main Residential,Villa,Fully Furnished,3000,4,4,3,1,3500,4833.85,14500000,2026-09-14,Regional bootstrap estimate anchored to Maharashtra market benchmarks,derived_estimate,,TRUE,Bootstrap/model-development record; not a raw registered transaction.
410,Maharashtra,Dhule,Dhule,Main Residential,Villa,Fully Furnished,4200,5,5,12,2,3500,4718.03,19820000,2026-09-14,Regional bootstrap estimate anchored to Maharashtra market benchmarks,derived_estimate,,TRUE,Bootstrap/model-development record; not a raw registered transaction.
411,Maharashtra,Dhule,Dhule,Growth / Peripheral,Apartment,Unfurnished,550,1,1,2,11,3500,2858.11,1570000,2026-09-14,Regional bootstrap estimate anchored to Maharashtra market benchmarks,derived_estimate,,TRUE,Bootstrap/model-development record; not a raw registered transaction.
412,Maharashtra,Dhule,Dhule,Growth / Peripheral,Apartment,Semi-Furnished,900,2,2,3,11,3500,3168.58,2850000,2026-09-14,Regional bootstrap estimate anchored to Maharashtra market benchmarks,derived_estimate,,TRUE,Bootstrap/model-development record; not a raw registered transaction.
413,Maharashtra,Dhule,Dhule,Growth / Peripheral,Apartment,Fully Furnished,1350,3,3,1,12,3500,3296.05,4450000,2026-09-14,Regional bootstrap estimate anchored to Maharashtra market benchmarks,derived_estimate,,TRUE,Bootstrap/model-development record; not a raw registered transaction.
414,Maharashtra,Dhule,Dhule,Growth / Peripheral,Apartment,Fully Furnished,1800,4,4,5,16,3500,3373.73,6070000,2026-09-14,Regional bootstrap estimate anchored to Maharashtra market benchmarks,derived_estimate,,TRUE,Bootstrap/model-development record; not a raw registered transaction.
415,Maharashtra,Dhule,Dhule,Growth / Peripheral,Independent House,Semi-Furnished,1100,2,2,3,2,3500,3084.11,3390000,2026-09-14,Regional bootstrap estimate anchored to Maharashtra market benchmarks,derived_estimate,,TRUE,Bootstrap/model-development record; not a raw registered transaction.
416,Maharashtra,Dhule,Dhule,Growth / Peripheral,Independent House,Fully Furnished,1650,3,3,5,4,3500,3036.89,5010000,2026-09-14,Regional bootstrap estimate anchored to Maharashtra market benchmarks,derived_estimate,,TRUE,Bootstrap/model-development record; not a raw registered transaction.
417,Maharashtra,Dhule,Dhule,Growth / Peripheral,Independent House,Fully Furnished,2300,4,4,10,1,3500,3140.31,7220000,2026-09-14,Regional bootstrap estimate anchored to Maharashtra market benchmarks,derived_estimate,,TRUE,Bootstrap/model-development record; not a raw registered transaction.
418,Maharashtra,Dhule,Dhule,Growth / Peripheral,Villa,Semi-Furnished,2200,3,3,2,1,3500,3672.23,8080000,2026-09-14,Regional bootstrap estimate anchored to Maharashtra market benchmarks,derived_estimate,,TRUE,Bootstrap/model-development record; not a raw registered transaction.
419,Maharashtra,Dhule,Dhule,Growth / Peripheral,Villa,Fully Furnished,3000,4,4,10,4,3500,3748.91,11250000,2026-09-14,Regional bootstrap estimate anchored to Maharashtra market benchmarks,derived_estimate,,TRUE,Bootstrap/model-development record; not a raw registered transaction.
420,Maharashtra,Dhule,Dhule,Growth / Peripheral,Villa,Fully Furnished,4200,5,5,3,5,3500,4610.84,19370000,2026-09-14,Regional bootstrap estimate anchored to Maharashtra market benchmarks,derived_estimate,,TRUE,Bootstrap/model-development record; not a raw registered transaction.
421,Maharashtra,Nandurbar,Nandurbar,Core / Established,Apartment,Unfurnished,550,1,1,3,8,3000,3489.17,1920000,2026-09-14,Regional bootstrap estimate anchored to Maharashtra market benchmarks,derived_estimate,,TRUE,Bootstrap/model-development record; not a raw registered transaction.
422,Maharashtra,Nandurbar,Nandurbar,Core / Established,Apartment,Semi-Furnished,900,2,2,3,5,3000,3605.68,3250000,2026-09-14,Regional bootstrap estimate anchored to Maharashtra market benchmarks,derived_estimate,,TRUE,Bootstrap/model-development record; not a raw registered transaction.
423,Maharashtra,Nandurbar,Nandurbar,Core / Established,Apartment,Fully Furnished,1350,3,3,15,4,3000,3255.27,4390000,2026-09-14,Regional bootstrap estimate anchored to Maharashtra market benchmarks,derived_estimate,,TRUE,Bootstrap/model-development record; not a raw registered transaction.
424,Maharashtra,Nandurbar,Nandurbar,Core / Established,Apartment,Fully Furnished,1800,4,4,12,11,3000,3635.95,6540000,2026-09-14,Regional bootstrap estimate anchored to Maharashtra market benchmarks,derived_estimate,,TRUE,Bootstrap/model-development record; not a raw registered transaction.
425,Maharashtra,Nandurbar,Nandurbar,Core / Established,Independent House,Semi-Furnished,1100,2,2,5,5,3000,3431.45,3770000,2026-09-14,Regional bootstrap estimate anchored to Maharashtra market benchmarks,derived_estimate,,TRUE,Bootstrap/model-development record; not a raw registered transaction.
426,Maharashtra,Nandurbar,Nandurbar,Core / Established,Independent House,Fully Furnished,1650,3,3,3,3,3000,3858.18,6370000,2026-09-14,Regional bootstrap estimate anchored to Maharashtra market benchmarks,derived_estimate,,TRUE,Bootstrap/model-development record; not a raw registered transaction.
427,Maharashtra,Nandurbar,Nandurbar,Core / Established,Independent House,Fully Furnished,2300,4,4,15,2,3000,3724.35,8570000,2026-09-14,Regional bootstrap estimate anchored to Maharashtra market benchmarks,derived_estimate,,TRUE,Bootstrap/model-development record; not a raw registered transaction.
428,Maharashtra,Nandurbar,Nandurbar,Core / Established,Villa,Semi-Furnished,2200,3,3,5,4,3000,4400.13,9680000,2026-09-14,Regional bootstrap estimate anchored to Maharashtra market benchmarks,derived_estimate,,TRUE,Bootstrap/model-development record; not a raw registered transaction.
429,Maharashtra,Nandurbar,Nandurbar,Core / Established,Villa,Fully Furnished,3000,4,4,15,5,3000,4062.72,12190000,2026-09-14,Regional bootstrap estimate anchored to Maharashtra market benchmarks,derived_estimate,,TRUE,Bootstrap/model-development record; not a raw registered transaction.
430,Maharashtra,Nandurbar,Nandurbar,Core / Established,Villa,Fully Furnished,4200,5,5,3,5,3000,5614.99,23580000,2026-09-14,Regional bootstrap estimate anchored to Maharashtra market benchmarks,derived_estimate,,TRUE,Bootstrap/model-development record; not a raw registered transaction.
431,Maharashtra,Nandurbar,Nandurbar,Main Residential,Apartment,Unfurnished,550,1,1,12,16,3000,2752.91,1510000,2026-09-14,Regional bootstrap estimate anchored to Maharashtra market benchmarks,derived_estimate,,TRUE,Bootstrap/model-development record; not a raw registered transaction.
432,Maharashtra,Nandurbar,Nandurbar,Main Residential,Apartment,Semi-Furnished,900,2,2,5,6,3000,3000.37,2700000,2026-09-14,Regional bootstrap estimate anchored to Maharashtra market benchmarks,derived_estimate,,TRUE,Bootstrap/model-development record; not a raw registered transaction.
433,Maharashtra,Nandurbar,Nandurbar,Main Residential,Apartment,Fully Furnished,1350,3,3,7,16,3000,3309.08,4470000,2026-09-14,Regional bootstrap estimate anchored to Maharashtra market benchmarks,derived_estimate,,TRUE,Bootstrap/model-development record; not a raw registered transaction.
434,Maharashtra,Nandurbar,Nandurbar,Main Residential,Apartment,Fully Furnished,1800,4,4,15,17,3000,3001.99,5400000,2026-09-14,Regional bootstrap estimate anchored to Maharashtra market benchmarks,derived_estimate,,TRUE,Bootstrap/model-development record; not a raw registered transaction.
435,Maharashtra,Nandurbar,Nandurbar,Main Residential,Independent House,Semi-Furnished,1100,2,2,15,3,3000,2537.27,2790000,2026-09-14,Regional bootstrap estimate anchored to Maharashtra market benchmarks,derived_estimate,,TRUE,Bootstrap/model-development record; not a raw registered transaction.
436,Maharashtra,Nandurbar,Nandurbar,Main Residential,Independent House,Fully Furnished,1650,3,3,2,4,3000,3379.82,5580000,2026-09-14,Regional bootstrap estimate anchored to Maharashtra market benchmarks,derived_estimate,,TRUE,Bootstrap/model-development record; not a raw registered transaction.
437,Maharashtra,Nandurbar,Nandurbar,Main Residential,Independent House,Fully Furnished,2300,4,4,1,5,3000,3778.95,8690000,2026-09-14,Regional bootstrap estimate anchored to Maharashtra market benchmarks,derived_estimate,,TRUE,Bootstrap/model-development record; not a raw registered transaction.
438,Maharashtra,Nandurbar,Nandurbar,Main Residential,Villa,Semi-Furnished,2200,3,3,15,4,3000,3150.39,6930000,2026-09-14,Regional bootstrap estimate anchored to Maharashtra market benchmarks,derived_estimate,,TRUE,Bootstrap/model-development record; not a raw registered transaction.
439,Maharashtra,Nandurbar,Nandurbar,Main Residential,Villa,Fully Furnished,3000,4,4,10,2,3000,3720.98,11160000,2026-09-14,Regional bootstrap estimate anchored to Maharashtra market benchmarks,derived_estimate,,TRUE,Bootstrap/model-development record; not a raw registered transaction.
440,Maharashtra,Nandurbar,Nandurbar,Main Residential,Villa,Fully Furnished,4200,5,5,1,4,3000,4793.51,20130000,2026-09-14,Regional bootstrap estimate anchored to Maharashtra market benchmarks,derived_estimate,,TRUE,Bootstrap/model-development record; not a raw registered transaction.
441,Maharashtra,Nandurbar,Nandurbar,Growth / Peripheral,Apartment,Unfurnished,550,1,1,7,3,3000,2288.39,1260000,2026-09-14,Regional bootstrap estimate anchored to Maharashtra market benchmarks,derived_estimate,,TRUE,Bootstrap/model-development record; not a raw registered transaction.
442,Maharashtra,Nandurbar,Nandurbar,Growth / Peripheral,Apartment,Semi-Furnished,900,2,2,15,3,3000,2278.56,2050000,2026-09-14,Regional bootstrap estimate anchored to Maharashtra market benchmarks,derived_estimate,,TRUE,Bootstrap/model-development record; not a raw registered transaction.
443,Maharashtra,Nandurbar,Nandurbar,Growth / Peripheral,Apartment,Fully Furnished,1350,3,3,10,20,3000,2635.61,3560000,2026-09-14,Regional bootstrap estimate anchored to Maharashtra market benchmarks,derived_estimate,,TRUE,Bootstrap/model-development record; not a raw registered transaction.
444,Maharashtra,Nandurbar,Nandurbar,Growth / Peripheral,Apartment,Fully Furnished,1800,4,4,1,14,3000,3087.88,5560000,2026-09-14,Regional bootstrap estimate anchored to Maharashtra market benchmarks,derived_estimate,,TRUE,Bootstrap/model-development record; not a raw registered transaction.
445,Maharashtra,Nandurbar,Nandurbar,Growth / Peripheral,Independent House,Semi-Furnished,1100,2,2,10,1,3000,2280.0,2510000,2026-09-14,Regional bootstrap estimate anchored to Maharashtra market benchmarks,derived_estimate,,TRUE,Bootstrap/model-development record; not a raw registered transaction.
446,Maharashtra,Nandurbar,Nandurbar,Growth / Peripheral,Independent House,Fully Furnished,1650,3,3,15,1,3000,2338.04,3860000,2026-09-14,Regional bootstrap estimate anchored to Maharashtra market benchmarks,derived_estimate,,TRUE,Bootstrap/model-development record; not a raw registered transaction.
447,Maharashtra,Nandurbar,Nandurbar,Growth / Peripheral,Independent House,Fully Furnished,2300,4,4,10,1,3000,2728.95,6280000,2026-09-14,Regional bootstrap estimate anchored to Maharashtra market benchmarks,derived_estimate,,TRUE,Bootstrap/model-development record; not a raw registered transaction.
448,Maharashtra,Nandurbar,Nandurbar,Growth / Peripheral,Villa,Semi-Furnished,2200,3,3,2,4,3000,3239.0,7130000,2026-09-14,Regional bootstrap estimate anchored to Maharashtra market benchmarks,derived_estimate,,TRUE,Bootstrap/model-development record; not a raw registered transaction.
449,Maharashtra,Nandurbar,Nandurbar,Growth / Peripheral,Villa,Fully Furnished,3000,4,4,5,5,3000,3384.75,10150000,2026-09-14,Regional bootstrap estimate anchored to Maharashtra market benchmarks,derived_estimate,,TRUE,Bootstrap/model-development record; not a raw registered transaction.
450,Maharashtra,Nandurbar,Nandurbar,Growth / Peripheral,Villa,Fully Furnished,4200,5,5,12,2,3000,3341.55,14030000,2026-09-14,Regional bootstrap estimate anchored to Maharashtra market benchmarks,derived_estimate,,TRUE,Bootstrap/model-development record; not a raw registered transaction.
451,Maharashtra,Jalgaon,Jalgaon,Core / Established,Apartment,Unfurnished,550,1,1,3,16,4940,5825.12,3200000,2026-09-14,Housing.com Maharashtra property-rate benchmark,published_market_benchmark,https://housing.com/price-trends/property-rates-for-buy-in-maharashtra_india-P3mm15uxln8blpmn0,TRUE,Bootstrap/model-development record; not a raw registered transaction.
452,Maharashtra,Jalgaon,Jalgaon,Core / Established,Apartment,Semi-Furnished,900,2,2,10,8,4940,5494.86,4950000,2026-09-14,Housing.com Maharashtra property-rate benchmark,published_market_benchmark,https://housing.com/price-trends/property-rates-for-buy-in-maharashtra_india-P3mm15uxln8blpmn0,TRUE,Bootstrap/model-development record; not a raw registered transaction.
453,Maharashtra,Jalgaon,Jalgaon,Core / Established,Apartment,Fully Furnished,1350,3,3,7,7,4940,5993.99,8090000,2026-09-14,Housing.com Maharashtra property-rate benchmark,published_market_benchmark,https://housing.com/price-trends/property-rates-for-buy-in-maharashtra_india-P3mm15uxln8blpmn0,TRUE,Bootstrap/model-development record; not a raw registered transaction.
454,Maharashtra,Jalgaon,Jalgaon,Core / Established,Apartment,Fully Furnished,1800,4,4,3,2,4940,6732.8,12120000,2026-09-14,Housing.com Maharashtra property-rate benchmark,published_market_benchmark,https://housing.com/price-trends/property-rates-for-buy-in-maharashtra_india-P3mm15uxln8blpmn0,TRUE,Bootstrap/model-development record; not a raw registered transaction.
455,Maharashtra,Jalgaon,Jalgaon,Core / Established,Independent House,Semi-Furnished,1100,2,2,7,1,4940,5510.25,6060000,2026-09-14,Housing.com Maharashtra property-rate benchmark,published_market_benchmark,https://housing.com/price-trends/property-rates-for-buy-in-maharashtra_india-P3mm15uxln8blpmn0,TRUE,Bootstrap/model-development record; not a raw registered transaction.
456,Maharashtra,Jalgaon,Jalgaon,Core / Established,Independent House,Fully Furnished,1650,3,3,3,3,4940,6603.68,10900000,2026-09-14,Housing.com Maharashtra property-rate benchmark,published_market_benchmark,https://housing.com/price-trends/property-rates-for-buy-in-maharashtra_india-P3mm15uxln8blpmn0,TRUE,Bootstrap/model-development record; not a raw registered transaction.
457,Maharashtra,Jalgaon,Jalgaon,Core / Established,Independent House,Fully Furnished,2300,4,4,1,3,4940,7031.41,16170000,2026-09-14,Housing.com Maharashtra property-rate benchmark,published_market_benchmark,https://housing.com/price-trends/property-rates-for-buy-in-maharashtra_india-P3mm15uxln8blpmn0,TRUE,Bootstrap/model-development record; not a raw registered transaction.
458,Maharashtra,Jalgaon,Jalgaon,Core / Established,Villa,Semi-Furnished,2200,3,3,2,4,4940,7598.25,16720000,2026-09-14,Housing.com Maharashtra property-rate benchmark,published_market_benchmark,https://housing.com/price-trends/property-rates-for-buy-in-maharashtra_india-P3mm15uxln8blpmn0,TRUE,Bootstrap/model-development record; not a raw registered transaction.
459,Maharashtra,Jalgaon,Jalgaon,Core / Established,Villa,Fully Furnished,3000,4,4,1,4,4940,8005.59,24020000,2026-09-14,Housing.com Maharashtra property-rate benchmark,published_market_benchmark,https://housing.com/price-trends/property-rates-for-buy-in-maharashtra_india-P3mm15uxln8blpmn0,TRUE,Bootstrap/model-development record; not a raw registered transaction.
460,Maharashtra,Jalgaon,Jalgaon,Core / Established,Villa,Fully Furnished,4200,5,5,7,3,4940,8304.18,34880000,2026-09-14,Housing.com Maharashtra property-rate benchmark,published_market_benchmark,https://housing.com/price-trends/property-rates-for-buy-in-maharashtra_india-P3mm15uxln8blpmn0,TRUE,Bootstrap/model-development record; not a raw registered transaction.
461,Maharashtra,Jalgaon,Jalgaon,Main Residential,Apartment,Unfurnished,550,1,1,12,13,4940,4290.32,2360000,2026-09-14,Housing.com Maharashtra property-rate benchmark,published_market_benchmark,https://housing.com/price-trends/property-rates-for-buy-in-maharashtra_india-P3mm15uxln8blpmn0,TRUE,Bootstrap/model-development record; not a raw registered transaction.
462,Maharashtra,Jalgaon,Jalgaon,Main Residential,Apartment,Semi-Furnished,900,2,2,2,14,4940,5163.71,4650000,2026-09-14,Housing.com Maharashtra property-rate benchmark,published_market_benchmark,https://housing.com/price-trends/property-rates-for-buy-in-maharashtra_india-P3mm15uxln8blpmn0,TRUE,Bootstrap/model-development record; not a raw registered transaction.
463,Maharashtra,Jalgaon,Jalgaon,Main Residential,Apartment,Fully Furnished,1350,3,3,3,5,4940,5334.71,7200000,2026-09-14,Housing.com Maharashtra property-rate benchmark,published_market_benchmark,https://housing.com/price-trends/property-rates-for-buy-in-maharashtra_india-P3mm15uxln8blpmn0,TRUE,Bootstrap/model-development record; not a raw registered transaction.
464,Maharashtra,Jalgaon,Jalgaon,Main Residential,Apartment,Fully Furnished,1800,4,4,15,7,4940,4846.64,8720000,2026-09-14,Housing.com Maharashtra property-rate benchmark,published_market_benchmark,https://housing.com/price-trends/property-rates-for-buy-in-maharashtra_india-P3mm15uxln8blpmn0,TRUE,Bootstrap/model-development record; not a raw registered transaction.
465,Maharashtra,Jalgaon,Jalgaon,Main Residential,Independent House,Semi-Furnished,1100,2,2,12,2,4940,4486.6,4940000,2026-09-14,Housing.com Maharashtra property-rate benchmark,published_market_benchmark,https://housing.com/price-trends/property-rates-for-buy-in-maharashtra_india-P3mm15uxln8blpmn0,TRUE,Bootstrap/model-development record; not a raw registered transaction.
466,Maharashtra,Jalgaon,Jalgaon,Main Residential,Independent House,Fully Furnished,1650,3,3,5,3,4940,5184.11,8550000,2026-09-14,Housing.com Maharashtra property-rate benchmark,published_market_benchmark,https://housing.com/price-trends/property-rates-for-buy-in-maharashtra_india-P3mm15uxln8blpmn0,TRUE,Bootstrap/model-development record; not a raw registered transaction.
467,Maharashtra,Jalgaon,Jalgaon,Main Residential,Independent House,Fully Furnished,2300,4,4,7,1,4940,5609.33,12900000,2026-09-14,Housing.com Maharashtra property-rate benchmark,published_market_benchmark,https://housing.com/price-trends/property-rates-for-buy-in-maharashtra_india-P3mm15uxln8blpmn0,TRUE,Bootstrap/model-development record; not a raw registered transaction.
468,Maharashtra,Jalgaon,Jalgaon,Main Residential,Villa,Semi-Furnished,2200,3,3,15,1,4940,5376.13,11830000,2026-09-14,Housing.com Maharashtra property-rate benchmark,published_market_benchmark,https://housing.com/price-trends/property-rates-for-buy-in-maharashtra_india-P3mm15uxln8blpmn0,TRUE,Bootstrap/model-development record; not a raw registered transaction.
469,Maharashtra,Jalgaon,Jalgaon,Main Residential,Villa,Fully Furnished,3000,4,4,7,4,4940,6247.8,18740000,2026-09-14,Housing.com Maharashtra property-rate benchmark,published_market_benchmark,https://housing.com/price-trends/property-rates-for-buy-in-maharashtra_india-P3mm15uxln8blpmn0,TRUE,Bootstrap/model-development record; not a raw registered transaction.
470,Maharashtra,Jalgaon,Jalgaon,Main Residential,Villa,Fully Furnished,4200,5,5,7,5,4940,7408.53,31120000,2026-09-14,Housing.com Maharashtra property-rate benchmark,published_market_benchmark,https://housing.com/price-trends/property-rates-for-buy-in-maharashtra_india-P3mm15uxln8blpmn0,TRUE,Bootstrap/model-development record; not a raw registered transaction.
471,Maharashtra,Jalgaon,Jalgaon,Growth / Peripheral,Apartment,Unfurnished,550,1,1,1,14,4940,4239.23,2330000,2026-09-14,Housing.com Maharashtra property-rate benchmark,published_market_benchmark,https://housing.com/price-trends/property-rates-for-buy-in-maharashtra_india-P3mm15uxln8blpmn0,TRUE,Bootstrap/model-development record; not a raw registered transaction.
472,Maharashtra,Jalgaon,Jalgaon,Growth / Peripheral,Apartment,Semi-Furnished,900,2,2,12,2,4940,3643.65,3280000,2026-09-14,Housing.com Maharashtra property-rate benchmark,published_market_benchmark,https://housing.com/price-trends/property-rates-for-buy-in-maharashtra_india-P3mm15uxln8blpmn0,TRUE,Bootstrap/model-development record; not a raw registered transaction.
473,Maharashtra,Jalgaon,Jalgaon,Growth / Peripheral,Apartment,Fully Furnished,1350,3,3,2,8,4940,4544.82,6140000,2026-09-14,Housing.com Maharashtra property-rate benchmark,published_market_benchmark,https://housing.com/price-trends/property-rates-for-buy-in-maharashtra_india-P3mm15uxln8blpmn0,TRUE,Bootstrap/model-development record; not a raw registered transaction.
474,Maharashtra,Jalgaon,Jalgaon,Growth / Peripheral,Apartment,Fully Furnished,1800,4,4,1,16,4940,5021.39,9040000,2026-09-14,Housing.com Maharashtra property-rate benchmark,published_market_benchmark,https://housing.com/price-trends/property-rates-for-buy-in-maharashtra_india-P3mm15uxln8blpmn0,TRUE,Bootstrap/model-development record; not a raw registered transaction.
475,Maharashtra,Jalgaon,Jalgaon,Growth / Peripheral,Independent House,Semi-Furnished,1100,2,2,10,3,4940,3830.45,4210000,2026-09-14,Housing.com Maharashtra property-rate benchmark,published_market_benchmark,https://housing.com/price-trends/property-rates-for-buy-in-maharashtra_india-P3mm15uxln8blpmn0,TRUE,Bootstrap/model-development record; not a raw registered transaction.
476,Maharashtra,Jalgaon,Jalgaon,Growth / Peripheral,Independent House,Fully Furnished,1650,3,3,12,4,4940,3996.2,6590000,2026-09-14,Housing.com Maharashtra property-rate benchmark,published_market_benchmark,https://housing.com/price-trends/property-rates-for-buy-in-maharashtra_india-P3mm15uxln8blpmn0,TRUE,Bootstrap/model-development record; not a raw registered transaction.
477,Maharashtra,Jalgaon,Jalgaon,Growth / Peripheral,Independent House,Fully Furnished,2300,4,4,10,4,4940,4468.63,10280000,2026-09-14,Housing.com Maharashtra property-rate benchmark,published_market_benchmark,https://housing.com/price-trends/property-rates-for-buy-in-maharashtra_india-P3mm15uxln8blpmn0,TRUE,Bootstrap/model-development record; not a raw registered transaction.
478,Maharashtra,Jalgaon,Jalgaon,Growth / Peripheral,Villa,Semi-Furnished,2200,3,3,15,2,4940,4306.99,9480000,2026-09-14,Housing.com Maharashtra property-rate benchmark,published_market_benchmark,https://housing.com/price-trends/property-rates-for-buy-in-maharashtra_india-P3mm15uxln8blpmn0,TRUE,Bootstrap/model-development record; not a raw registered transaction.
479,Maharashtra,Jalgaon,Jalgaon,Growth / Peripheral,Villa,Fully Furnished,3000,4,4,12,3,4940,5251.2,15750000,2026-09-14,Housing.com Maharashtra property-rate benchmark,published_market_benchmark,https://housing.com/price-trends/property-rates-for-buy-in-maharashtra_india-P3mm15uxln8blpmn0,TRUE,Bootstrap/model-development record; not a raw registered transaction.
480,Maharashtra,Jalgaon,Jalgaon,Growth / Peripheral,Villa,Fully Furnished,4200,5,5,2,5,4940,6525.68,27410000,2026-09-14,Housing.com Maharashtra property-rate benchmark,published_market_benchmark,https://housing.com/price-trends/property-rates-for-buy-in-maharashtra_india-P3mm15uxln8blpmn0,TRUE,Bootstrap/model-development record; not a raw registered transaction.
481,Maharashtra,Ahilyanagar,Ahilyanagar,Core / Established,Apartment,Unfurnished,550,1,1,12,17,4404,4767.72,2620000,2026-09-14,Housing.com Maharashtra property-rate benchmark,published_market_benchmark,https://housing.com/price-trends/property-rates-for-buy-in-maharashtra_india-P3mm15uxln8blpmn0,TRUE,Bootstrap/model-development record; not a raw registered transaction.
482,Maharashtra,Ahilyanagar,Ahilyanagar,Core / Established,Apartment,Semi-Furnished,900,2,2,1,20,4404,5502.34,4950000,2026-09-14,Housing.com Maharashtra property-rate benchmark,published_market_benchmark,https://housing.com/price-trends/property-rates-for-buy-in-maharashtra_india-P3mm15uxln8blpmn0,TRUE,Bootstrap/model-development record; not a raw registered transaction.
483,Maharashtra,Ahilyanagar,Ahilyanagar,Core / Established,Apartment,Fully Furnished,1350,3,3,3,12,4404,5793.06,7820000,2026-09-14,Housing.com Maharashtra property-rate benchmark,published_market_benchmark,https://housing.com/price-trends/property-rates-for-buy-in-maharashtra_india-P3mm15uxln8blpmn0,TRUE,Bootstrap/model-development record; not a raw registered transaction.
484,Maharashtra,Ahilyanagar,Ahilyanagar,Core / Established,Apartment,Fully Furnished,1800,4,4,7,20,4404,5887.36,10600000,2026-09-14,Housing.com Maharashtra property-rate benchmark,published_market_benchmark,https://housing.com/price-trends/property-rates-for-buy-in-maharashtra_india-P3mm15uxln8blpmn0,TRUE,Bootstrap/model-development record; not a raw registered transaction.
485,Maharashtra,Ahilyanagar,Ahilyanagar,Core / Established,Independent House,Semi-Furnished,1100,2,2,1,1,4404,5281.72,5810000,2026-09-14,Housing.com Maharashtra property-rate benchmark,published_market_benchmark,https://housing.com/price-trends/property-rates-for-buy-in-maharashtra_india-P3mm15uxln8blpmn0,TRUE,Bootstrap/model-development record; not a raw registered transaction.
486,Maharashtra,Ahilyanagar,Ahilyanagar,Core / Established,Independent House,Fully Furnished,1650,3,3,10,5,4404,5304.59,8750000,2026-09-14,Housing.com Maharashtra property-rate benchmark,published_market_benchmark,https://housing.com/price-trends/property-rates-for-buy-in-maharashtra_india-P3mm15uxln8blpmn0,TRUE,Bootstrap/model-development record; not a raw registered transaction.
487,Maharashtra,Ahilyanagar,Ahilyanagar,Core / Established,Independent House,Fully Furnished,2300,4,4,5,3,4404,5849.98,13450000,2026-09-14,Housing.com Maharashtra property-rate benchmark,published_market_benchmark,https://housing.com/price-trends/property-rates-for-buy-in-maharashtra_india-P3mm15uxln8blpmn0,TRUE,Bootstrap/model-development record; not a raw registered transaction.
488,Maharashtra,Ahilyanagar,Ahilyanagar,Core / Established,Villa,Semi-Furnished,2200,3,3,12,1,4404,5911.54,13010000,2026-09-14,Housing.com Maharashtra property-rate benchmark,published_market_benchmark,https://housing.com/price-trends/property-rates-for-buy-in-maharashtra_india-P3mm15uxln8blpmn0,TRUE,Bootstrap/model-development record; not a raw registered transaction.
489,Maharashtra,Ahilyanagar,Ahilyanagar,Core / Established,Villa,Fully Furnished,3000,4,4,5,1,4404,6906.92,20720000,2026-09-14,Housing.com Maharashtra property-rate benchmark,published_market_benchmark,https://housing.com/price-trends/property-rates-for-buy-in-maharashtra_india-P3mm15uxln8blpmn0,TRUE,Bootstrap/model-development record; not a raw registered transaction.
490,Maharashtra,Ahilyanagar,Ahilyanagar,Core / Established,Villa,Fully Furnished,4200,5,5,12,4,4404,7264.0,30510000,2026-09-14,Housing.com Maharashtra property-rate benchmark,published_market_benchmark,https://housing.com/price-trends/property-rates-for-buy-in-maharashtra_india-P3mm15uxln8blpmn0,TRUE,Bootstrap/model-development record; not a raw registered transaction.
491,Maharashtra,Ahilyanagar,Ahilyanagar,Main Residential,Apartment,Unfurnished,550,1,1,12,5,4404,3753.67,2060000,2026-09-14,Housing.com Maharashtra property-rate benchmark,published_market_benchmark,https://housing.com/price-trends/property-rates-for-buy-in-maharashtra_india-P3mm15uxln8blpmn0,TRUE,Bootstrap/model-development record; not a raw registered transaction.
492,Maharashtra,Ahilyanagar,Ahilyanagar,Main Residential,Apartment,Semi-Furnished,900,2,2,12,3,4404,3977.4,3580000,2026-09-14,Housing.com Maharashtra property-rate benchmark,published_market_benchmark,https://housing.com/price-trends/property-rates-for-buy-in-maharashtra_india-P3mm15uxln8blpmn0,TRUE,Bootstrap/model-development record; not a raw registered transaction.
493,Maharashtra,Ahilyanagar,Ahilyanagar,Main Residential,Apartment,Fully Furnished,1350,3,3,15,8,4404,4263.32,5760000,2026-09-14,Housing.com Maharashtra property-rate benchmark,published_market_benchmark,https://housing.com/price-trends/property-rates-for-buy-in-maharashtra_india-P3mm15uxln8blpmn0,TRUE,Bootstrap/model-development record; not a raw registered transaction.
494,Maharashtra,Ahilyanagar,Ahilyanagar,Main Residential,Apartment,Fully Furnished,1800,4,4,5,6,4404,4858.1,8740000,2026-09-14,Housing.com Maharashtra property-rate benchmark,published_market_benchmark,https://housing.com/price-trends/property-rates-for-buy-in-maharashtra_india-P3mm15uxln8blpmn0,TRUE,Bootstrap/model-development record; not a raw registered transaction.
495,Maharashtra,Ahilyanagar,Ahilyanagar,Main Residential,Independent House,Semi-Furnished,1100,2,2,10,2,4404,4243.73,4670000,2026-09-14,Housing.com Maharashtra property-rate benchmark,published_market_benchmark,https://housing.com/price-trends/property-rates-for-buy-in-maharashtra_india-P3mm15uxln8blpmn0,TRUE,Bootstrap/model-development record; not a raw registered transaction.
496,Maharashtra,Ahilyanagar,Ahilyanagar,Main Residential,Independent House,Fully Furnished,1650,3,3,12,3,4404,4413.87,7280000,2026-09-14,Housing.com Maharashtra property-rate benchmark,published_market_benchmark,https://housing.com/price-trends/property-rates-for-buy-in-maharashtra_india-P3mm15uxln8blpmn0,TRUE,Bootstrap/model-development record; not a raw registered transaction.
497,Maharashtra,Ahilyanagar,Ahilyanagar,Main Residential,Independent House,Fully Furnished,2300,4,4,12,3,4404,4664.26,10730000,2026-09-14,Housing.com Maharashtra property-rate benchmark,published_market_benchmark,https://housing.com/price-trends/property-rates-for-buy-in-maharashtra_india-P3mm15uxln8blpmn0,TRUE,Bootstrap/model-development record; not a raw registered transaction.
498,Maharashtra,Ahilyanagar,Ahilyanagar,Main Residential,Villa,Semi-Furnished,2200,3,3,3,5,4404,5444.69,11980000,2026-09-14,Housing.com Maharashtra property-rate benchmark,published_market_benchmark,https://housing.com/price-trends/property-rates-for-buy-in-maharashtra_india-P3mm15uxln8blpmn0,TRUE,Bootstrap/model-development record; not a raw registered transaction.
499,Maharashtra,Ahilyanagar,Ahilyanagar,Main Residential,Villa,Fully Furnished,3000,4,4,2,1,4404,5905.73,17720000,2026-09-14,Housing.com Maharashtra property-rate benchmark,published_market_benchmark,https://housing.com/price-trends/property-rates-for-buy-in-maharashtra_india-P3mm15uxln8blpmn0,TRUE,Bootstrap/model-development record; not a raw registered transaction.
500,Maharashtra,Ahilyanagar,Ahilyanagar,Main Residential,Villa,Fully Furnished,4200,5,5,15,2,4404,5852.25,24580000,2026-09-14,Housing.com Maharashtra property-rate benchmark,published_market_benchmark,https://housing.com/price-trends/property-rates-for-buy-in-maharashtra_india-P3mm15uxln8blpmn0,TRUE,Bootstrap/model-development record; not a raw registered transaction.
501,Maharashtra,Ahilyanagar,Ahilyanagar,Growth / Peripheral,Apartment,Unfurnished,550,1,1,5,13,4404,3734.65,2050000,2026-09-14,Housing.com Maharashtra property-rate benchmark,published_market_benchmark,https://housing.com/price-trends/property-rates-for-buy-in-maharashtra_india-P3mm15uxln8blpmn0,TRUE,Bootstrap/model-development record; not a raw registered transaction.
502,Maharashtra,Ahilyanagar,Ahilyanagar,Growth / Peripheral,Apartment,Semi-Furnished,900,2,2,12,2,4404,3433.09,3090000,2026-09-14,Housing.com Maharashtra property-rate benchmark,published_market_benchmark,https://housing.com/price-trends/property-rates-for-buy-in-maharashtra_india-P3mm15uxln8blpmn0,TRUE,Bootstrap/model-development record; not a raw registered transaction.
503,Maharashtra,Ahilyanagar,Ahilyanagar,Growth / Peripheral,Apartment,Fully Furnished,1350,3,3,5,2,4404,3985.45,5380000,2026-09-14,Housing.com Maharashtra property-rate benchmark,published_market_benchmark,https://housing.com/price-trends/property-rates-for-buy-in-maharashtra_india-P3mm15uxln8blpmn0,TRUE,Bootstrap/model-development record; not a raw registered transaction.
504,Maharashtra,Ahilyanagar,Ahilyanagar,Growth / Peripheral,Apartment,Fully Furnished,1800,4,4,5,2,4404,4113.4,7400000,2026-09-14,Housing.com Maharashtra property-rate benchmark,published_market_benchmark,https://housing.com/price-trends/property-rates-for-buy-in-maharashtra_india-P3mm15uxln8blpmn0,TRUE,Bootstrap/model-development record; not a raw registered transaction.
505,Maharashtra,Ahilyanagar,Ahilyanagar,Growth / Peripheral,Independent House,Semi-Furnished,1100,2,2,5,1,4404,3602.3,3960000,2026-09-14,Housing.com Maharashtra property-rate benchmark,published_market_benchmark,https://housing.com/price-trends/property-rates-for-buy-in-maharashtra_india-P3mm15uxln8blpmn0,TRUE,Bootstrap/model-development record; not a raw registered transaction.
506,Maharashtra,Ahilyanagar,Ahilyanagar,Growth / Peripheral,Independent House,Fully Furnished,1650,3,3,2,3,4404,4021.12,6630000,2026-09-14,Housing.com Maharashtra property-rate benchmark,published_market_benchmark,https://housing.com/price-trends/property-rates-for-buy-in-maharashtra_india-P3mm15uxln8blpmn0,TRUE,Bootstrap/model-development record; not a raw registered transaction.
507,Maharashtra,Ahilyanagar,Ahilyanagar,Growth / Peripheral,Independent House,Fully Furnished,2300,4,4,5,1,4404,4426.45,10180000,2026-09-14,Housing.com Maharashtra property-rate benchmark,published_market_benchmark,https://housing.com/price-trends/property-rates-for-buy-in-maharashtra_india-P3mm15uxln8blpmn0,TRUE,Bootstrap/model-development record; not a raw registered transaction.
508,Maharashtra,Ahilyanagar,Ahilyanagar,Growth / Peripheral,Villa,Semi-Furnished,2200,3,3,7,2,4404,4334.67,9540000,2026-09-14,Housing.com Maharashtra property-rate benchmark,published_market_benchmark,https://housing.com/price-trends/property-rates-for-buy-in-maharashtra_india-P3mm15uxln8blpmn0,TRUE,Bootstrap/model-development record; not a raw registered transaction.
509,Maharashtra,Ahilyanagar,Ahilyanagar,Growth / Peripheral,Villa,Fully Furnished,3000,4,4,1,4,4404,5346.71,16040000,2026-09-14,Housing.com Maharashtra property-rate benchmark,published_market_benchmark,https://housing.com/price-trends/property-rates-for-buy-in-maharashtra_india-P3mm15uxln8blpmn0,TRUE,Bootstrap/model-development record; not a raw registered transaction.
510,Maharashtra,Ahilyanagar,Ahilyanagar,Growth / Peripheral,Villa,Fully Furnished,4200,5,5,2,5,4404,5757.35,24180000,2026-09-14,Housing.com Maharashtra property-rate benchmark,published_market_benchmark,https://housing.com/price-trends/property-rates-for-buy-in-maharashtra_india-P3mm15uxln8blpmn0,TRUE,Bootstrap/model-development record; not a raw registered transaction.
511,Maharashtra,Chhatrapati Sambhajinagar,Chhatrapati Sambhajinagar,Core / Established,Apartment,Unfurnished,550,1,1,3,4,4979,5546.29,3050000,2026-09-14,Regional bootstrap estimate anchored to Maharashtra market benchmarks,derived_estimate,,TRUE,Bootstrap/model-development record; not a raw registered transaction.
512,Maharashtra,Chhatrapati Sambhajinagar,Chhatrapati Sambhajinagar,Core / Established,Apartment,Semi-Furnished,900,2,2,7,6,4979,5717.36,5150000,2026-09-14,Regional bootstrap estimate anchored to Maharashtra market benchmarks,derived_estimate,,TRUE,Bootstrap/model-development record; not a raw registered transaction.
513,Maharashtra,Chhatrapati Sambhajinagar,Chhatrapati Sambhajinagar,Core / Established,Apartment,Fully Furnished,1350,3,3,1,4,4979,6440.11,8690000,2026-09-14,Regional bootstrap estimate anchored to Maharashtra market benchmarks,derived_estimate,,TRUE,Bootstrap/model-development record; not a raw registered transaction.
514,Maharashtra,Chhatrapati Sambhajinagar,Chhatrapati Sambhajinagar,Core / Established,Apartment,Fully Furnished,1800,4,4,7,5,4979,6264.76,11280000,2026-09-14,Regional bootstrap estimate anchored to Maharashtra market benchmarks,derived_estimate,,TRUE,Bootstrap/model-development record; not a raw registered transaction.
515,Maharashtra,Chhatrapati Sambhajinagar,Chhatrapati Sambhajinagar,Core / Established,Independent House,Semi-Furnished,1100,2,2,3,3,4979,5788.06,6370000,2026-09-14,Regional bootstrap estimate anchored to Maharashtra market benchmarks,derived_estimate,,TRUE,Bootstrap/model-development record; not a raw registered transaction.
516,Maharashtra,Chhatrapati Sambhajinagar,Chhatrapati Sambhajinagar,Core / Established,Independent House,Fully Furnished,1650,3,3,10,3,4979,6126.04,10110000,2026-09-14,Regional bootstrap estimate anchored to Maharashtra market benchmarks,derived_estimate,,TRUE,Bootstrap/model-development record; not a raw registered transaction.
517,Maharashtra,Chhatrapati Sambhajinagar,Chhatrapati Sambhajinagar,Core / Established,Independent House,Fully Furnished,2300,4,4,7,1,4979,6478.89,14900000,2026-09-14,Regional bootstrap estimate anchored to Maharashtra market benchmarks,derived_estimate,,TRUE,Bootstrap/model-development record; not a raw registered transaction.
518,Maharashtra,Chhatrapati Sambhajinagar,Chhatrapati Sambhajinagar,Core / Established,Villa,Semi-Furnished,2200,3,3,2,4,4979,7254.8,15960000,2026-09-14,Regional bootstrap estimate anchored to Maharashtra market benchmarks,derived_estimate,,TRUE,Bootstrap/model-development record; not a raw registered transaction.
519,Maharashtra,Chhatrapati Sambhajinagar,Chhatrapati Sambhajinagar,Core / Established,Villa,Fully Furnished,3000,4,4,15,3,4979,6950.77,20850000,2026-09-14,Regional bootstrap estimate anchored to Maharashtra market benchmarks,derived_estimate,,TRUE,Bootstrap/model-development record; not a raw registered transaction.
520,Maharashtra,Chhatrapati Sambhajinagar,Chhatrapati Sambhajinagar,Core / Established,Villa,Fully Furnished,4200,5,5,10,5,4979,8379.64,35190000,2026-09-14,Regional bootstrap estimate anchored to Maharashtra market benchmarks,derived_estimate,,TRUE,Bootstrap/model-development record; not a raw registered transaction.
521,Maharashtra,Chhatrapati Sambhajinagar,Chhatrapati Sambhajinagar,Main Residential,Apartment,Unfurnished,550,1,1,2,11,4979,4939.47,2720000,2026-09-14,Regional bootstrap estimate anchored to Maharashtra market benchmarks,derived_estimate,,TRUE,Bootstrap/model-development record; not a raw registered transaction.
522,Maharashtra,Chhatrapati Sambhajinagar,Chhatrapati Sambhajinagar,Main Residential,Apartment,Semi-Furnished,900,2,2,7,20,4979,5057.43,4550000,2026-09-14,Regional bootstrap estimate anchored to Maharashtra market benchmarks,derived_estimate,,TRUE,Bootstrap/model-development record; not a raw registered transaction.
523,Maharashtra,Chhatrapati Sambhajinagar,Chhatrapati Sambhajinagar,Main Residential,Apartment,Fully Furnished,1350,3,3,12,13,4979,5115.36,6910000,2026-09-14,Regional bootstrap estimate anchored to Maharashtra market benchmarks,derived_estimate,,TRUE,Bootstrap/model-development record; not a raw registered transaction.
524,Maharashtra,Chhatrapati Sambhajinagar,Chhatrapati Sambhajinagar,Main Residential,Apartment,Fully Furnished,1800,4,4,10,12,4979,5323.24,9580000,2026-09-14,Regional bootstrap estimate anchored to Maharashtra market benchmarks,derived_estimate,,TRUE,Bootstrap/model-development record; not a raw registered transaction.
525,Maharashtra,Chhatrapati Sambhajinagar,Chhatrapati Sambhajinagar,Main Residential,Independent House,Semi-Furnished,1100,2,2,15,1,4979,4465.27,4910000,2026-09-14,Regional bootstrap estimate anchored to Maharashtra market benchmarks,derived_estimate,,TRUE,Bootstrap/model-development record; not a raw registered transaction.
526,Maharashtra,Chhatrapati Sambhajinagar,Chhatrapati Sambhajinagar,Main Residential,Independent House,Fully Furnished,1650,3,3,10,4,4979,4921.48,8120000,2026-09-14,Regional bootstrap estimate anchored to Maharashtra market benchmarks,derived_estimate,,TRUE,Bootstrap/model-development record; not a raw registered transaction.
527,Maharashtra,Chhatrapati Sambhajinagar,Chhatrapati Sambhajinagar,Main Residential,Independent House,Fully Furnished,2300,4,4,3,5,4979,6133.22,14110000,2026-09-14,Regional bootstrap estimate anchored to Maharashtra market benchmarks,derived_estimate,,TRUE,Bootstrap/model-development record; not a raw registered transaction.
528,Maharashtra,Chhatrapati Sambhajinagar,Chhatrapati Sambhajinagar,Main Residential,Villa,Semi-Furnished,2200,3,3,7,3,4979,6103.3,13430000,2026-09-14,Regional bootstrap estimate anchored to Maharashtra market benchmarks,derived_estimate,,TRUE,Bootstrap/model-development record; not a raw registered transaction.
529,Maharashtra,Chhatrapati Sambhajinagar,Chhatrapati Sambhajinagar,Main Residential,Villa,Fully Furnished,3000,4,4,3,5,4979,6782.16,20350000,2026-09-14,Regional bootstrap estimate anchored to Maharashtra market benchmarks,derived_estimate,,TRUE,Bootstrap/model-development record; not a raw registered transaction.
530,Maharashtra,Chhatrapati Sambhajinagar,Chhatrapati Sambhajinagar,Main Residential,Villa,Fully Furnished,4200,5,5,15,5,4979,6632.46,27860000,2026-09-14,Regional bootstrap estimate anchored to Maharashtra market benchmarks,derived_estimate,,TRUE,Bootstrap/model-development record; not a raw registered transaction.
531,Maharashtra,Chhatrapati Sambhajinagar,Chhatrapati Sambhajinagar,Growth / Peripheral,Apartment,Unfurnished,550,1,1,15,11,4979,3559.17,1960000,2026-09-14,Regional bootstrap estimate anchored to Maharashtra market benchmarks,derived_estimate,,TRUE,Bootstrap/model-development record; not a raw registered transaction.
532,Maharashtra,Chhatrapati Sambhajinagar,Chhatrapati Sambhajinagar,Growth / Peripheral,Apartment,Semi-Furnished,900,2,2,7,13,4979,4112.78,3700000,2026-09-14,Regional bootstrap estimate anchored to Maharashtra market benchmarks,derived_estimate,,TRUE,Bootstrap/model-development record; not a raw registered transaction.
533,Maharashtra,Chhatrapati Sambhajinagar,Chhatrapati Sambhajinagar,Growth / Peripheral,Apartment,Fully Furnished,1350,3,3,7,12,4979,4589.6,6200000,2026-09-14,Regional bootstrap estimate anchored to Maharashtra market benchmarks,derived_estimate,,TRUE,Bootstrap/model-development record; not a raw registered transaction.
534,Maharashtra,Chhatrapati Sambhajinagar,Chhatrapati Sambhajinagar,Growth / Peripheral,Apartment,Fully Furnished,1800,4,4,12,19,4979,4566.26,8220000,2026-09-14,Regional bootstrap estimate anchored to Maharashtra market benchmarks,derived_estimate,,TRUE,Bootstrap/model-development record; not a raw registered transaction.
535,Maharashtra,Chhatrapati Sambhajinagar,Chhatrapati Sambhajinagar,Growth / Peripheral,Independent House,Semi-Furnished,1100,2,2,15,4,4979,3675.49,4040000,2026-09-14,Regional bootstrap estimate anchored to Maharashtra market benchmarks,derived_estimate,,TRUE,Bootstrap/model-development record; not a raw registered transaction.
536,Maharashtra,Chhatrapati Sambhajinagar,Chhatrapati Sambhajinagar,Growth / Peripheral,Independent House,Fully Furnished,1650,3,3,15,2,4979,3803.72,6280000,2026-09-14,Regional bootstrap estimate anchored to Maharashtra market benchmarks,derived_estimate,,TRUE,Bootstrap/model-development record; not a raw registered transaction.
537,Maharashtra,Chhatrapati Sambhajinagar,Chhatrapati Sambhajinagar,Growth / Peripheral,Independent House,Fully Furnished,2300,4,4,12,4,4979,4642.44,10680000,2026-09-14,Regional bootstrap estimate anchored to Maharashtra market benchmarks,derived_estimate,,TRUE,Bootstrap/model-development record; not a raw registered transaction.
538,Maharashtra,Chhatrapati Sambhajinagar,Chhatrapati Sambhajinagar,Growth / Peripheral,Villa,Semi-Furnished,2200,3,3,2,1,4979,5121.34,11270000,2026-09-14,Regional bootstrap estimate anchored to Maharashtra market benchmarks,derived_estimate,,TRUE,Bootstrap/model-development record; not a raw registered transaction.
539,Maharashtra,Chhatrapati Sambhajinagar,Chhatrapati Sambhajinagar,Growth / Peripheral,Villa,Fully Furnished,3000,4,4,10,3,4979,5267.72,15800000,2026-09-14,Regional bootstrap estimate anchored to Maharashtra market benchmarks,derived_estimate,,TRUE,Bootstrap/model-development record; not a raw registered transaction.
540,Maharashtra,Chhatrapati Sambhajinagar,Chhatrapati Sambhajinagar,Growth / Peripheral,Villa,Fully Furnished,4200,5,5,7,4,4979,6305.38,26480000,2026-09-14,Regional bootstrap estimate anchored to Maharashtra market benchmarks,derived_estimate,,TRUE,Bootstrap/model-development record; not a raw registered transaction.
541,Maharashtra,Beed,Beed,Core / Established,Apartment,Unfurnished,550,1,1,10,9,3000,3159.66,1740000,2026-09-14,Regional bootstrap estimate anchored to Maharashtra market benchmarks,derived_estimate,,TRUE,Bootstrap/model-development record; not a raw registered transaction.
542,Maharashtra,Beed,Beed,Core / Established,Apartment,Semi-Furnished,900,2,2,12,2,3000,3120.66,2810000,2026-09-14,Regional bootstrap estimate anchored to Maharashtra market benchmarks,derived_estimate,,TRUE,Bootstrap/model-development record; not a raw registered transaction.
543,Maharashtra,Beed,Beed,Core / Established,Apartment,Fully Furnished,1350,3,3,7,16,3000,3999.51,5400000,2026-09-14,Regional bootstrap estimate anchored to Maharashtra market benchmarks,derived_estimate,,TRUE,Bootstrap/model-development record; not a raw registered transaction.
544,Maharashtra,Beed,Beed,Core / Established,Apartment,Fully Furnished,1800,4,4,2,15,3000,4393.26,7910000,2026-09-14,Regional bootstrap estimate anchored to Maharashtra market benchmarks,derived_estimate,,TRUE,Bootstrap/model-development record; not a raw registered transaction.
545,Maharashtra,Beed,Beed,Core / Established,Independent House,Semi-Furnished,1100,2,2,7,4,3000,3467.81,3810000,2026-09-14,Regional bootstrap estimate anchored to Maharashtra market benchmarks,derived_estimate,,TRUE,Bootstrap/model-development record; not a raw registered transaction.
546,Maharashtra,Beed,Beed,Core / Established,Independent House,Fully Furnished,1650,3,3,1,1,3000,4026.31,6640000,2026-09-14,Regional bootstrap estimate anchored to Maharashtra market benchmarks,derived_estimate,,TRUE,Bootstrap/model-development record; not a raw registered transaction.
547,Maharashtra,Beed,Beed,Core / Established,Independent House,Fully Furnished,2300,4,4,5,4,3000,4093.87,9420000,2026-09-14,Regional bootstrap estimate anchored to Maharashtra market benchmarks,derived_estimate,,TRUE,Bootstrap/model-development record; not a raw registered transaction.
548,Maharashtra,Beed,Beed,Core / Established,Villa,Semi-Furnished,2200,3,3,2,3,3000,4355.28,9580000,2026-09-14,Regional bootstrap estimate anchored to Maharashtra market benchmarks,derived_estimate,,TRUE,Bootstrap/model-development record; not a raw registered transaction.
549,Maharashtra,Beed,Beed,Core / Established,Villa,Fully Furnished,3000,4,4,5,4,3000,4785.21,14360000,2026-09-14,Regional bootstrap estimate anchored to Maharashtra market benchmarks,derived_estimate,,TRUE,Bootstrap/model-development record; not a raw registered transaction.
550,Maharashtra,Beed,Beed,Core / Established,Villa,Fully Furnished,4200,5,5,1,1,3000,5463.08,22940000,2026-09-14,Regional bootstrap estimate anchored to Maharashtra market benchmarks,derived_estimate,,TRUE,Bootstrap/model-development record; not a raw registered transaction.
551,Maharashtra,Beed,Beed,Main Residential,Apartment,Unfurnished,550,1,1,3,12,3000,2893.07,1590000,2026-09-14,Regional bootstrap estimate anchored to Maharashtra market benchmarks,derived_estimate,,TRUE,Bootstrap/model-development record; not a raw registered transaction.
552,Maharashtra,Beed,Beed,Main Residential,Apartment,Semi-Furnished,900,2,2,12,14,3000,2896.37,2610000,2026-09-14,Regional bootstrap estimate anchored to Maharashtra market benchmarks,derived_estimate,,TRUE,Bootstrap/model-development record; not a raw registered transaction.
553,Maharashtra,Beed,Beed,Main Residential,Apartment,Fully Furnished,1350,3,3,2,12,3000,3331.73,4500000,2026-09-14,Regional bootstrap estimate anchored to Maharashtra market benchmarks,derived_estimate,,TRUE,Bootstrap/model-development record; not a raw registered transaction.
554,Maharashtra,Beed,Beed,Main Residential,Apartment,Fully Furnished,1800,4,4,3,5,3000,3456.23,6220000,2026-09-14,Regional bootstrap estimate anchored to Maharashtra market benchmarks,derived_estimate,,TRUE,Bootstrap/model-development record; not a raw registered transaction.
555,Maharashtra,Beed,Beed,Main Residential,Independent House,Semi-Furnished,1100,2,2,7,3,3000,2844.76,3130000,2026-09-14,Regional bootstrap estimate anchored to Maharashtra market benchmarks,derived_estimate,,TRUE,Bootstrap/model-development record; not a raw registered transaction.
556,Maharashtra,Beed,Beed,Main Residential,Independent House,Fully Furnished,1650,3,3,2,5,3000,3367.04,5560000,2026-09-14,Regional bootstrap estimate anchored to Maharashtra market benchmarks,derived_estimate,,TRUE,Bootstrap/model-development record; not a raw registered transaction.
557,Maharashtra,Beed,Beed,Main Residential,Independent House,Fully Furnished,2300,4,4,15,4,3000,3060.82,7040000,2026-09-14,Regional bootstrap estimate anchored to Maharashtra market benchmarks,derived_estimate,,TRUE,Bootstrap/model-development record; not a raw registered transaction.
558,Maharashtra,Beed,Beed,Main Residential,Villa,Semi-Furnished,2200,3,3,1,5,3000,3994.24,8790000,2026-09-14,Regional bootstrap estimate anchored to Maharashtra market benchmarks,derived_estimate,,TRUE,Bootstrap/model-development record; not a raw registered transaction.
559,Maharashtra,Beed,Beed,Main Residential,Villa,Fully Furnished,3000,4,4,1,3,3000,4269.24,12810000,2026-09-14,Regional bootstrap estimate anchored to Maharashtra market benchmarks,derived_estimate,,TRUE,Bootstrap/model-development record; not a raw registered transaction.
560,Maharashtra,Beed,Beed,Main Residential,Villa,Fully Furnished,4200,5,5,5,4,3000,4401.66,18490000,2026-09-14,Regional bootstrap estimate anchored to Maharashtra market benchmarks,derived_estimate,,TRUE,Bootstrap/model-development record; not a raw registered transaction.
561,Maharashtra,Beed,Beed,Growth / Peripheral,Apartment,Unfurnished,550,1,1,15,4,3000,2061.06,1130000,2026-09-14,Regional bootstrap estimate anchored to Maharashtra market benchmarks,derived_estimate,,TRUE,Bootstrap/model-development record; not a raw registered transaction.
562,Maharashtra,Beed,Beed,Growth / Peripheral,Apartment,Semi-Furnished,900,2,2,15,5,3000,2287.54,2060000,2026-09-14,Regional bootstrap estimate anchored to Maharashtra market benchmarks,derived_estimate,,TRUE,Bootstrap/model-development record; not a raw registered transaction.
563,Maharashtra,Beed,Beed,Growth / Peripheral,Apartment,Fully Furnished,1350,3,3,2,19,3000,2973.17,4010000,2026-09-14,Regional bootstrap estimate anchored to Maharashtra market benchmarks,derived_estimate,,TRUE,Bootstrap/model-development record; not a raw registered transaction.
564,Maharashtra,Beed,Beed,Growth / Peripheral,Apartment,Fully Furnished,1800,4,4,5,8,3000,2816.35,5070000,2026-09-14,Regional bootstrap estimate anchored to Maharashtra market benchmarks,derived_estimate,,TRUE,Bootstrap/model-development record; not a raw registered transaction.
565,Maharashtra,Beed,Beed,Growth / Peripheral,Independent House,Semi-Furnished,1100,2,2,12,1,3000,2245.11,2470000,2026-09-14,Regional bootstrap estimate anchored to Maharashtra market benchmarks,derived_estimate,,TRUE,Bootstrap/model-development record; not a raw registered transaction.
566,Maharashtra,Beed,Beed,Growth / Peripheral,Independent House,Fully Furnished,1650,3,3,5,2,3000,2806.28,4630000,2026-09-14,Regional bootstrap estimate anchored to Maharashtra market benchmarks,derived_estimate,,TRUE,Bootstrap/model-development record; not a raw registered transaction.
567,Maharashtra,Beed,Beed,Growth / Peripheral,Independent House,Fully Furnished,2300,4,4,2,5,3000,3179.68,7310000,2026-09-14,Regional bootstrap estimate anchored to Maharashtra market benchmarks,derived_estimate,,TRUE,Bootstrap/model-development record; not a raw registered transaction.
568,Maharashtra,Beed,Beed,Growth / Peripheral,Villa,Semi-Furnished,2200,3,3,5,3,3000,3075.83,6770000,2026-09-14,Regional bootstrap estimate anchored to Maharashtra market benchmarks,derived_estimate,,TRUE,Bootstrap/model-development record; not a raw registered transaction.
569,Maharashtra,Beed,Beed,Growth / Peripheral,Villa,Fully Furnished,3000,4,4,1,2,3000,3452.25,10360000,2026-09-14,Regional bootstrap estimate anchored to Maharashtra market benchmarks,derived_estimate,,TRUE,Bootstrap/model-development record; not a raw registered transaction.
570,Maharashtra,Beed,Beed,Growth / Peripheral,Villa,Fully Furnished,4200,5,5,7,1,3000,3613.63,15180000,2026-09-14,Regional bootstrap estimate anchored to Maharashtra market benchmarks,derived_estimate,,TRUE,Bootstrap/model-development record; not a raw registered transaction.
571,Maharashtra,Jalna,Jalna,Core / Established,Apartment,Unfurnished,550,1,1,15,16,3200,3153.56,1730000,2026-09-14,Regional bootstrap estimate anchored to Maharashtra market benchmarks,derived_estimate,,TRUE,Bootstrap/model-development record; not a raw registered transaction.
572,Maharashtra,Jalna,Jalna,Core / Established,Apartment,Semi-Furnished,900,2,2,15,9,3200,3442.05,3100000,2026-09-14,Regional bootstrap estimate anchored to Maharashtra market benchmarks,derived_estimate,,TRUE,Bootstrap/model-development record; not a raw registered transaction.
573,Maharashtra,Jalna,Jalna,Core / Established,Apartment,Fully Furnished,1350,3,3,5,16,3200,4222.43,5700000,2026-09-14,Regional bootstrap estimate anchored to Maharashtra market benchmarks,derived_estimate,,TRUE,Bootstrap/model-development record; not a raw registered transaction.
574,Maharashtra,Jalna,Jalna,Core / Established,Apartment,Fully Furnished,1800,4,4,5,15,3200,4485.35,8070000,2026-09-14,Regional bootstrap estimate anchored to Maharashtra market benchmarks,derived_estimate,,TRUE,Bootstrap/model-development record; not a raw registered transaction.
575,Maharashtra,Jalna,Jalna,Core / Established,Independent House,Semi-Furnished,1100,2,2,15,2,3200,3349.14,3680000,2026-09-14,Regional bootstrap estimate anchored to Maharashtra market benchmarks,derived_estimate,,TRUE,Bootstrap/model-development record; not a raw registered transaction.
576,Maharashtra,Jalna,Jalna,Core / Established,Independent House,Fully Furnished,1650,3,3,2,1,3200,4277.3,7060000,2026-09-14,Regional bootstrap estimate anchored to Maharashtra market benchmarks,derived_estimate,,TRUE,Bootstrap/model-development record; not a raw registered transaction.
577,Maharashtra,Jalna,Jalna,Core / Established,Independent House,Fully Furnished,2300,4,4,12,1,3200,3911.87,9000000,2026-09-14,Regional bootstrap estimate anchored to Maharashtra market benchmarks,derived_estimate,,TRUE,Bootstrap/model-development record; not a raw registered transaction.
578,Maharashtra,Jalna,Jalna,Core / Established,Villa,Semi-Furnished,2200,3,3,15,2,3200,4177.71,9190000,2026-09-14,Regional bootstrap estimate anchored to Maharashtra market benchmarks,derived_estimate,,TRUE,Bootstrap/model-development record; not a raw registered transaction.
579,Maharashtra,Jalna,Jalna,Core / Established,Villa,Fully Furnished,3000,4,4,5,4,3200,5244.77,15730000,2026-09-14,Regional bootstrap estimate anchored to Maharashtra market benchmarks,derived_estimate,,TRUE,Bootstrap/model-development record; not a raw registered transaction.
580,Maharashtra,Jalna,Jalna,Core / Established,Villa,Fully Furnished,4200,5,5,10,2,3200,5327.18,22370000,2026-09-14,Regional bootstrap estimate anchored to Maharashtra market benchmarks,derived_estimate,,TRUE,Bootstrap/model-development record; not a raw registered transaction.
581,Maharashtra,Jalna,Jalna,Main Residential,Apartment,Unfurnished,550,1,1,15,13,3200,2658.04,1460000,2026-09-14,Regional bootstrap estimate anchored to Maharashtra market benchmarks,derived_estimate,,TRUE,Bootstrap/model-development record; not a raw registered transaction.
582,Maharashtra,Jalna,Jalna,Main Residential,Apartment,Semi-Furnished,900,2,2,10,16,3200,3219.02,2900000,2026-09-14,Regional bootstrap estimate anchored to Maharashtra market benchmarks,derived_estimate,,TRUE,Bootstrap/model-development record; not a raw registered transaction.
583,Maharashtra,Jalna,Jalna,Main Residential,Apartment,Fully Furnished,1350,3,3,15,18,3200,3032.87,4090000,2026-09-14,Regional bootstrap estimate anchored to Maharashtra market benchmarks,derived_estimate,,TRUE,Bootstrap/model-development record; not a raw registered transaction.
584,Maharashtra,Jalna,Jalna,Main Residential,Apartment,Fully Furnished,1800,4,4,7,19,3200,3504.76,6310000,2026-09-14,Regional bootstrap estimate anchored to Maharashtra market benchmarks,derived_estimate,,TRUE,Bootstrap/model-development record; not a raw registered transaction.
585,Maharashtra,Jalna,Jalna,Main Residential,Independent House,Semi-Furnished,1100,2,2,7,5,3200,3102.26,3410000,2026-09-14,Regional bootstrap estimate anchored to Maharashtra market benchmarks,derived_estimate,,TRUE,Bootstrap/model-development record; not a raw registered transaction.
586,Maharashtra,Jalna,Jalna,Main Residential,Independent House,Fully Furnished,1650,3,3,15,3,3200,2923.94,4820000,2026-09-14,Regional bootstrap estimate anchored to Maharashtra market benchmarks,derived_estimate,,TRUE,Bootstrap/model-development record; not a raw registered transaction.
587,Maharashtra,Jalna,Jalna,Main Residential,Independent House,Fully Furnished,2300,4,4,15,1,3200,3190.1,7340000,2026-09-14,Regional bootstrap estimate anchored to Maharashtra market benchmarks,derived_estimate,,TRUE,Bootstrap/model-development record; not a raw registered transaction.
588,Maharashtra,Jalna,Jalna,Main Residential,Villa,Semi-Furnished,2200,3,3,15,2,3200,3558.44,7830000,2026-09-14,Regional bootstrap estimate anchored to Maharashtra market benchmarks,derived_estimate,,TRUE,Bootstrap/model-development record; not a raw registered transaction.
589,Maharashtra,Jalna,Jalna,Main Residential,Villa,Fully Furnished,3000,4,4,3,1,3200,4263.88,12790000,2026-09-14,Regional bootstrap estimate anchored to Maharashtra market benchmarks,derived_estimate,,TRUE,Bootstrap/model-development record; not a raw registered transaction.
590,Maharashtra,Jalna,Jalna,Main Residential,Villa,Fully Furnished,4200,5,5,2,4,3200,4924.22,20680000,2026-09-14,Regional bootstrap estimate anchored to Maharashtra market benchmarks,derived_estimate,,TRUE,Bootstrap/model-development record; not a raw registered transaction.
591,Maharashtra,Jalna,Jalna,Growth / Peripheral,Apartment,Unfurnished,550,1,1,15,14,3200,2255.71,1240000,2026-09-14,Regional bootstrap estimate anchored to Maharashtra market benchmarks,derived_estimate,,TRUE,Bootstrap/model-development record; not a raw registered transaction.
592,Maharashtra,Jalna,Jalna,Growth / Peripheral,Apartment,Semi-Furnished,900,2,2,12,17,3200,2477.1,2230000,2026-09-14,Regional bootstrap estimate anchored to Maharashtra market benchmarks,derived_estimate,,TRUE,Bootstrap/model-development record; not a raw registered transaction.
593,Maharashtra,Jalna,Jalna,Growth / Peripheral,Apartment,Fully Furnished,1350,3,3,10,11,3200,2787.4,3760000,2026-09-14,Regional bootstrap estimate anchored to Maharashtra market benchmarks,derived_estimate,,TRUE,Bootstrap/model-development record; not a raw registered transaction.
594,Maharashtra,Jalna,Jalna,Growth / Peripheral,Apartment,Fully Furnished,1800,4,4,12,5,3200,2763.19,4970000,2026-09-14,Regional bootstrap estimate anchored to Maharashtra market benchmarks,derived_estimate,,TRUE,Bootstrap/model-development record; not a raw registered transaction.
595,Maharashtra,Jalna,Jalna,Growth / Peripheral,Independent House,Semi-Furnished,1100,2,2,5,5,3200,2772.29,3050000,2026-09-14,Regional bootstrap estimate anchored to Maharashtra market benchmarks,derived_estimate,,TRUE,Bootstrap/model-development record; not a raw registered transaction.
596,Maharashtra,Jalna,Jalna,Growth / Peripheral,Independent House,Fully Furnished,1650,3,3,12,2,3200,2665.1,4400000,2026-09-14,Regional bootstrap estimate anchored to Maharashtra market benchmarks,derived_estimate,,TRUE,Bootstrap/model-development record; not a raw registered transaction.
597,Maharashtra,Jalna,Jalna,Growth / Peripheral,Independent House,Fully Furnished,2300,4,4,7,3,3200,3038.84,6990000,2026-09-14,Regional bootstrap estimate anchored to Maharashtra market benchmarks,derived_estimate,,TRUE,Bootstrap/model-development record; not a raw registered transaction.
598,Maharashtra,Jalna,Jalna,Growth / Peripheral,Villa,Semi-Furnished,2200,3,3,1,2,3200,3486.42,7670000,2026-09-14,Regional bootstrap estimate anchored to Maharashtra market benchmarks,derived_estimate,,TRUE,Bootstrap/model-development record; not a raw registered transaction.
599,Maharashtra,Jalna,Jalna,Growth / Peripheral,Villa,Fully Furnished,3000,4,4,7,1,3200,3643.06,10930000,2026-09-14,Regional bootstrap estimate anchored to Maharashtra market benchmarks,derived_estimate,,TRUE,Bootstrap/model-development record; not a raw registered transaction.
600,Maharashtra,Jalna,Jalna,Growth / Peripheral,Villa,Fully Furnished,4200,5,5,12,1,3200,3600.11,15120000,2026-09-14,Regional bootstrap estimate anchored to Maharashtra market benchmarks,derived_estimate,,TRUE,Bootstrap/model-development record; not a raw registered transaction.
601,Maharashtra,Parbhani,Parbhani,Core / Established,Apartment,Unfurnished,550,1,1,2,13,3000,3518.12,1930000,2026-09-14,Regional bootstrap estimate anchored to Maharashtra market benchmarks,derived_estimate,,TRUE,Bootstrap/model-development record; not a raw registered transaction.
602,Maharashtra,Parbhani,Parbhani,Core / Established,Apartment,Semi-Furnished,900,2,2,10,7,3000,3273.75,2950000,2026-09-14,Regional bootstrap estimate anchored to Maharashtra market benchmarks,derived_estimate,,TRUE,Bootstrap/model-development record; not a raw registered transaction.
603,Maharashtra,Parbhani,Parbhani,Core / Established,Apartment,Fully Furnished,1350,3,3,10,9,3000,3734.5,5040000,2026-09-14,Regional bootstrap estimate anchored to Maharashtra market benchmarks,derived_estimate,,TRUE,Bootstrap/model-development record; not a raw registered transaction.
604,Maharashtra,Parbhani,Parbhani,Core / Established,Apartment,Fully Furnished,1800,4,4,1,2,3000,4261.19,7670000,2026-09-14,Regional bootstrap estimate anchored to Maharashtra market benchmarks,derived_estimate,,TRUE,Bootstrap/model-development record; not a raw registered transaction.
605,Maharashtra,Parbhani,Parbhani,Core / Established,Independent House,Semi-Furnished,1100,2,2,1,3,3000,3788.63,4170000,2026-09-14,Regional bootstrap estimate anchored to Maharashtra market benchmarks,derived_estimate,,TRUE,Bootstrap/model-development record; not a raw registered transaction.
606,Maharashtra,Parbhani,Parbhani,Core / Established,Independent House,Fully Furnished,1650,3,3,15,4,3000,3417.69,5640000,2026-09-14,Regional bootstrap estimate anchored to Maharashtra market benchmarks,derived_estimate,,TRUE,Bootstrap/model-development record; not a raw registered transaction.
607,Maharashtra,Parbhani,Parbhani,Core / Established,Independent House,Fully Furnished,2300,4,4,1,2,3000,4255.14,9790000,2026-09-14,Regional bootstrap estimate anchored to Maharashtra market benchmarks,derived_estimate,,TRUE,Bootstrap/model-development record; not a raw registered transaction.
608,Maharashtra,Parbhani,Parbhani,Core / Established,Villa,Semi-Furnished,2200,3,3,3,2,3000,4419.3,9720000,2026-09-14,Regional bootstrap estimate anchored to Maharashtra market benchmarks,derived_estimate,,TRUE,Bootstrap/model-development record; not a raw registered transaction.
609,Maharashtra,Parbhani,Parbhani,Core / Established,Villa,Fully Furnished,3000,4,4,3,2,3000,4877.22,14630000,2026-09-14,Regional bootstrap estimate anchored to Maharashtra market benchmarks,derived_estimate,,TRUE,Bootstrap/model-development record; not a raw registered transaction.
610,Maharashtra,Parbhani,Parbhani,Core / Established,Villa,Fully Furnished,4200,5,5,1,3,3000,5661.13,23780000,2026-09-14,Regional bootstrap estimate anchored to Maharashtra market benchmarks,derived_estimate,,TRUE,Bootstrap/model-development record; not a raw registered transaction.
611,Maharashtra,Parbhani,Parbhani,Main Residential,Apartment,Unfurnished,550,1,1,10,19,3000,2873.2,1580000,2026-09-14,Regional bootstrap estimate anchored to Maharashtra market benchmarks,derived_estimate,,TRUE,Bootstrap/model-development record; not a raw registered transaction.
612,Maharashtra,Parbhani,Parbhani,Main Residential,Apartment,Semi-Furnished,900,2,2,2,19,3000,3351.42,3020000,2026-09-14,Regional bootstrap estimate anchored to Maharashtra market benchmarks,derived_estimate,,TRUE,Bootstrap/model-development record; not a raw registered transaction.
613,Maharashtra,Parbhani,Parbhani,Main Residential,Apartment,Fully Furnished,1350,3,3,15,4,3000,2855.54,3850000,2026-09-14,Regional bootstrap estimate anchored to Maharashtra market benchmarks,derived_estimate,,TRUE,Bootstrap/model-development record; not a raw registered transaction.
614,Maharashtra,Parbhani,Parbhani,Main Residential,Apartment,Fully Furnished,1800,4,4,15,3,3000,2821.95,5080000,2026-09-14,Regional bootstrap estimate anchored to Maharashtra market benchmarks,derived_estimate,,TRUE,Bootstrap/model-development record; not a raw registered transaction.
615,Maharashtra,Parbhani,Parbhani,Main Residential,Independent House,Semi-Furnished,1100,2,2,12,2,3000,2763.09,3040000,2026-09-14,Regional bootstrap estimate anchored to Maharashtra market benchmarks,derived_estimate,,TRUE,Bootstrap/model-development record; not a raw registered transaction.
616,Maharashtra,Parbhani,Parbhani,Main Residential,Independent House,Fully Furnished,1650,3,3,7,4,3000,3072.47,5070000,2026-09-14,Regional bootstrap estimate anchored to Maharashtra market benchmarks,derived_estimate,,TRUE,Bootstrap/model-development record; not a raw registered transaction.
617,Maharashtra,Parbhani,Parbhani,Main Residential,Independent House,Fully Furnished,2300,4,4,3,4,3000,3505.4,8060000,2026-09-14,Regional bootstrap estimate anchored to Maharashtra market benchmarks,derived_estimate,,TRUE,Bootstrap/model-development record; not a raw registered transaction.
618,Maharashtra,Parbhani,Parbhani,Main Residential,Villa,Semi-Furnished,2200,3,3,2,5,3000,3785.96,8330000,2026-09-14,Regional bootstrap estimate anchored to Maharashtra market benchmarks,derived_estimate,,TRUE,Bootstrap/model-development record; not a raw registered transaction.
619,Maharashtra,Parbhani,Parbhani,Main Residential,Villa,Fully Furnished,3000,4,4,2,1,3000,4249.06,12750000,2026-09-14,Regional bootstrap estimate anchored to Maharashtra market benchmarks,derived_estimate,,TRUE,Bootstrap/model-development record; not a raw registered transaction.
620,Maharashtra,Parbhani,Parbhani,Main Residential,Villa,Fully Furnished,4200,5,5,15,2,3000,3790.25,15920000,2026-09-14,Regional bootstrap estimate anchored to Maharashtra market benchmarks,derived_estimate,,TRUE,Bootstrap/model-development record; not a raw registered transaction.
621,Maharashtra,Parbhani,Parbhani,Growth / Peripheral,Apartment,Unfurnished,550,1,1,1,3,3000,2573.78,1420000,2026-09-14,Regional bootstrap estimate anchored to Maharashtra market benchmarks,derived_estimate,,TRUE,Bootstrap/model-development record; not a raw registered transaction.
622,Maharashtra,Parbhani,Parbhani,Growth / Peripheral,Apartment,Semi-Furnished,900,2,2,12,7,3000,2307.06,2080000,2026-09-14,Regional bootstrap estimate anchored to Maharashtra market benchmarks,derived_estimate,,TRUE,Bootstrap/model-development record; not a raw registered transaction.
623,Maharashtra,Parbhani,Parbhani,Growth / Peripheral,Apartment,Fully Furnished,1350,3,3,1,20,3000,2934.46,3960000,2026-09-14,Regional bootstrap estimate anchored to Maharashtra market benchmarks,derived_estimate,,TRUE,Bootstrap/model-development record; not a raw registered transaction.
624,Maharashtra,Parbhani,Parbhani,Growth / Peripheral,Apartment,Fully Furnished,1800,4,4,12,11,3000,2738.96,4930000,2026-09-14,Regional bootstrap estimate anchored to Maharashtra market benchmarks,derived_estimate,,TRUE,Bootstrap/model-development record; not a raw registered transaction.
625,Maharashtra,Parbhani,Parbhani,Growth / Peripheral,Independent House,Semi-Furnished,1100,2,2,5,4,3000,2532.08,2790000,2026-09-14,Regional bootstrap estimate anchored to Maharashtra market benchmarks,derived_estimate,,TRUE,Bootstrap/model-development record; not a raw registered transaction.
626,Maharashtra,Parbhani,Parbhani,Growth / Peripheral,Independent House,Fully Furnished,1650,3,3,1,3,3000,2755.87,4550000,2026-09-14,Regional bootstrap estimate anchored to Maharashtra market benchmarks,derived_estimate,,TRUE,Bootstrap/model-development record; not a raw registered transaction.
627,Maharashtra,Parbhani,Parbhani,Growth / Peripheral,Independent House,Fully Furnished,2300,4,4,2,5,3000,2993.43,6880000,2026-09-14,Regional bootstrap estimate anchored to Maharashtra market benchmarks,derived_estimate,,TRUE,Bootstrap/model-development record; not a raw registered transaction.
628,Maharashtra,Parbhani,Parbhani,Growth / Peripheral,Villa,Semi-Furnished,2200,3,3,3,2,3000,3100.32,6820000,2026-09-14,Regional bootstrap estimate anchored to Maharashtra market benchmarks,derived_estimate,,TRUE,Bootstrap/model-development record; not a raw registered transaction.
629,Maharashtra,Parbhani,Parbhani,Growth / Peripheral,Villa,Fully Furnished,3000,4,4,5,5,3000,3366.84,10100000,2026-09-14,Regional bootstrap estimate anchored to Maharashtra market benchmarks,derived_estimate,,TRUE,Bootstrap/model-development record; not a raw registered transaction.
630,Maharashtra,Parbhani,Parbhani,Growth / Peripheral,Villa,Fully Furnished,4200,5,5,12,3,3000,3408.96,14320000,2026-09-14,Regional bootstrap estimate anchored to Maharashtra market benchmarks,derived_estimate,,TRUE,Bootstrap/model-development record; not a raw registered transaction.
631,Maharashtra,Hingoli,Hingoli,Core / Established,Apartment,Unfurnished,550,1,1,2,20,2800,3403.27,1870000,2026-09-14,Regional bootstrap estimate anchored to Maharashtra market benchmarks,derived_estimate,,TRUE,Bootstrap/model-development record; not a raw registered transaction.
632,Maharashtra,Hingoli,Hingoli,Core / Established,Apartment,Semi-Furnished,900,2,2,12,14,2800,3158.34,2840000,2026-09-14,Regional bootstrap estimate anchored to Maharashtra market benchmarks,derived_estimate,,TRUE,Bootstrap/model-development record; not a raw registered transaction.
633,Maharashtra,Hingoli,Hingoli,Core / Established,Apartment,Fully Furnished,1350,3,3,3,3,2800,3710.63,5010000,2026-09-14,Regional bootstrap estimate anchored to Maharashtra market benchmarks,derived_estimate,,TRUE,Bootstrap/model-development record; not a raw registered transaction.
634,Maharashtra,Hingoli,Hingoli,Core / Established,Apartment,Fully Furnished,1800,4,4,3,19,2800,4042.67,7280000,2026-09-14,Regional bootstrap estimate anchored to Maharashtra market benchmarks,derived_estimate,,TRUE,Bootstrap/model-development record; not a raw registered transaction.
635,Maharashtra,Hingoli,Hingoli,Core / Established,Independent House,Semi-Furnished,1100,2,2,10,4,2800,3183.63,3500000,2026-09-14,Regional bootstrap estimate anchored to Maharashtra market benchmarks,derived_estimate,,TRUE,Bootstrap/model-development record; not a raw registered transaction.
636,Maharashtra,Hingoli,Hingoli,Core / Established,Independent House,Fully Furnished,1650,3,3,15,3,2800,3226.82,5320000,2026-09-14,Regional bootstrap estimate anchored to Maharashtra market benchmarks,derived_estimate,,TRUE,Bootstrap/model-development record; not a raw registered transaction.
637,Maharashtra,Hingoli,Hingoli,Core / Established,Independent House,Fully Furnished,2300,4,4,5,4,2800,3997.45,9190000,2026-09-14,Regional bootstrap estimate anchored to Maharashtra market benchmarks,derived_estimate,,TRUE,Bootstrap/model-development record; not a raw registered transaction.
638,Maharashtra,Hingoli,Hingoli,Core / Established,Villa,Semi-Furnished,2200,3,3,2,2,2800,4356.69,9580000,2026-09-14,Regional bootstrap estimate anchored to Maharashtra market benchmarks,derived_estimate,,TRUE,Bootstrap/model-development record; not a raw registered transaction.
639,Maharashtra,Hingoli,Hingoli,Core / Established,Villa,Fully Furnished,3000,4,4,7,2,2800,4163.98,12490000,2026-09-14,Regional bootstrap estimate anchored to Maharashtra market benchmarks,derived_estimate,,TRUE,Bootstrap/model-development record; not a raw registered transaction.
640,Maharashtra,Hingoli,Hingoli,Core / Established,Villa,Fully Furnished,4200,5,5,2,5,2800,5157.72,21660000,2026-09-14,Regional bootstrap estimate anchored to Maharashtra market benchmarks,derived_estimate,,TRUE,Bootstrap/model-development record; not a raw registered transaction.
641,Maharashtra,Hingoli,Hingoli,Main Residential,Apartment,Unfurnished,550,1,1,2,2,2800,2686.83,1480000,2026-09-14,Regional bootstrap estimate anchored to Maharashtra market benchmarks,derived_estimate,,TRUE,Bootstrap/model-development record; not a raw registered transaction.
642,Maharashtra,Hingoli,Hingoli,Main Residential,Apartment,Semi-Furnished,900,2,2,3,11,2800,2847.76,2560000,2026-09-14,Regional bootstrap estimate anchored to Maharashtra market benchmarks,derived_estimate,,TRUE,Bootstrap/model-development record; not a raw registered transaction.
643,Maharashtra,Hingoli,Hingoli,Main Residential,Apartment,Fully Furnished,1350,3,3,3,18,2800,3185.23,4300000,2026-09-14,Regional bootstrap estimate anchored to Maharashtra market benchmarks,derived_estimate,,TRUE,Bootstrap/model-development record; not a raw registered transaction.
644,Maharashtra,Hingoli,Hingoli,Main Residential,Apartment,Fully Furnished,1800,4,4,10,7,2800,2858.75,5150000,2026-09-14,Regional bootstrap estimate anchored to Maharashtra market benchmarks,derived_estimate,,TRUE,Bootstrap/model-development record; not a raw registered transaction.
645,Maharashtra,Hingoli,Hingoli,Main Residential,Independent House,Semi-Furnished,1100,2,2,5,4,2800,2711.0,2980000,2026-09-14,Regional bootstrap estimate anchored to Maharashtra market benchmarks,derived_estimate,,TRUE,Bootstrap/model-development record; not a raw registered transaction.
646,Maharashtra,Hingoli,Hingoli,Main Residential,Independent House,Fully Furnished,1650,3,3,2,2,2800,3195.55,5270000,2026-09-14,Regional bootstrap estimate anchored to Maharashtra market benchmarks,derived_estimate,,TRUE,Bootstrap/model-development record; not a raw registered transaction.
647,Maharashtra,Hingoli,Hingoli,Main Residential,Independent House,Fully Furnished,2300,4,4,1,3,2800,3433.18,7900000,2026-09-14,Regional bootstrap estimate anchored to Maharashtra market benchmarks,derived_estimate,,TRUE,Bootstrap/model-development record; not a raw registered transaction.
648,Maharashtra,Hingoli,Hingoli,Main Residential,Villa,Semi-Furnished,2200,3,3,5,4,2800,3389.11,7460000,2026-09-14,Regional bootstrap estimate anchored to Maharashtra market benchmarks,derived_estimate,,TRUE,Bootstrap/model-development record; not a raw registered transaction.
649,Maharashtra,Hingoli,Hingoli,Main Residential,Villa,Fully Furnished,3000,4,4,5,1,2800,3690.89,11070000,2026-09-14,Regional bootstrap estimate anchored to Maharashtra market benchmarks,derived_estimate,,TRUE,Bootstrap/model-development record; not a raw registered transaction.
650,Maharashtra,Hingoli,Hingoli,Main Residential,Villa,Fully Furnished,4200,5,5,10,4,2800,3951.26,16600000,2026-09-14,Regional bootstrap estimate anchored to Maharashtra market benchmarks,derived_estimate,,TRUE,Bootstrap/model-development record; not a raw registered transaction.
651,Maharashtra,Hingoli,Hingoli,Growth / Peripheral,Apartment,Unfurnished,550,1,1,1,13,2800,2403.96,1320000,2026-09-14,Regional bootstrap estimate anchored to Maharashtra market benchmarks,derived_estimate,,TRUE,Bootstrap/model-development record; not a raw registered transaction.
652,Maharashtra,Hingoli,Hingoli,Growth / Peripheral,Apartment,Semi-Furnished,900,2,2,15,10,2800,2101.03,1890000,2026-09-14,Regional bootstrap estimate anchored to Maharashtra market benchmarks,derived_estimate,,TRUE,Bootstrap/model-development record; not a raw registered transaction.
653,Maharashtra,Hingoli,Hingoli,Growth / Peripheral,Apartment,Fully Furnished,1350,3,3,7,20,2800,2568.23,3470000,2026-09-14,Regional bootstrap estimate anchored to Maharashtra market benchmarks,derived_estimate,,TRUE,Bootstrap/model-development record; not a raw registered transaction.
654,Maharashtra,Hingoli,Hingoli,Growth / Peripheral,Apartment,Fully Furnished,1800,4,4,12,12,2800,2536.7,4570000,2026-09-14,Regional bootstrap estimate anchored to Maharashtra market benchmarks,derived_estimate,,TRUE,Bootstrap/model-development record; not a raw registered transaction.
655,Maharashtra,Hingoli,Hingoli,Growth / Peripheral,Independent House,Semi-Furnished,1100,2,2,5,5,2800,2259.32,2490000,2026-09-14,Regional bootstrap estimate anchored to Maharashtra market benchmarks,derived_estimate,,TRUE,Bootstrap/model-development record; not a raw registered transaction.
656,Maharashtra,Hingoli,Hingoli,Growth / Peripheral,Independent House,Fully Furnished,1650,3,3,7,2,2800,2462.86,4060000,2026-09-14,Regional bootstrap estimate anchored to Maharashtra market benchmarks,derived_estimate,,TRUE,Bootstrap/model-development record; not a raw registered transaction.
657,Maharashtra,Hingoli,Hingoli,Growth / Peripheral,Independent House,Fully Furnished,2300,4,4,2,4,2800,2759.96,6350000,2026-09-14,Regional bootstrap estimate anchored to Maharashtra market benchmarks,derived_estimate,,TRUE,Bootstrap/model-development record; not a raw registered transaction.
658,Maharashtra,Hingoli,Hingoli,Growth / Peripheral,Villa,Semi-Furnished,2200,3,3,5,4,2800,2970.43,6530000,2026-09-14,Regional bootstrap estimate anchored to Maharashtra market benchmarks,derived_estimate,,TRUE,Bootstrap/model-development record; not a raw registered transaction.
659,Maharashtra,Hingoli,Hingoli,Growth / Peripheral,Villa,Fully Furnished,3000,4,4,3,3,2800,3117.16,9350000,2026-09-14,Regional bootstrap estimate anchored to Maharashtra market benchmarks,derived_estimate,,TRUE,Bootstrap/model-development record; not a raw registered transaction.
660,Maharashtra,Hingoli,Hingoli,Growth / Peripheral,Villa,Fully Furnished,4200,5,5,7,4,2800,3301.47,13870000,2026-09-14,Regional bootstrap estimate anchored to Maharashtra market benchmarks,derived_estimate,,TRUE,Bootstrap/model-development record; not a raw registered transaction.
661,Maharashtra,Nanded,Nanded,Core / Established,Apartment,Unfurnished,550,1,1,15,14,3500,3661.75,2010000,2026-09-14,Regional bootstrap estimate anchored to Maharashtra market benchmarks,derived_estimate,,TRUE,Bootstrap/model-development record; not a raw registered transaction.
662,Maharashtra,Nanded,Nanded,Core / Established,Apartment,Semi-Furnished,900,2,2,5,20,3500,4173.12,3760000,2026-09-14,Regional bootstrap estimate anchored to Maharashtra market benchmarks,derived_estimate,,TRUE,Bootstrap/model-development record; not a raw registered transaction.
663,Maharashtra,Nanded,Nanded,Core / Established,Apartment,Fully Furnished,1350,3,3,10,5,3500,4310.32,5820000,2026-09-14,Regional bootstrap estimate anchored to Maharashtra market benchmarks,derived_estimate,,TRUE,Bootstrap/model-development record; not a raw registered transaction.
664,Maharashtra,Nanded,Nanded,Core / Established,Apartment,Fully Furnished,1800,4,4,7,15,3500,4685.24,8430000,2026-09-14,Regional bootstrap estimate anchored to Maharashtra market benchmarks,derived_estimate,,TRUE,Bootstrap/model-development record; not a raw registered transaction.
665,Maharashtra,Nanded,Nanded,Core / Established,Independent House,Semi-Furnished,1100,2,2,3,3,3500,4105.84,4520000,2026-09-14,Regional bootstrap estimate anchored to Maharashtra market benchmarks,derived_estimate,,TRUE,Bootstrap/model-development record; not a raw registered transaction.
666,Maharashtra,Nanded,Nanded,Core / Established,Independent House,Fully Furnished,1650,3,3,10,3,3500,4237.78,6990000,2026-09-14,Regional bootstrap estimate anchored to Maharashtra market benchmarks,derived_estimate,,TRUE,Bootstrap/model-development record; not a raw registered transaction.
667,Maharashtra,Nanded,Nanded,Core / Established,Independent House,Fully Furnished,2300,4,4,7,1,3500,4775.26,10980000,2026-09-14,Regional bootstrap estimate anchored to Maharashtra market benchmarks,derived_estimate,,TRUE,Bootstrap/model-development record; not a raw registered transaction.
668,Maharashtra,Nanded,Nanded,Core / Established,Villa,Semi-Furnished,2200,3,3,5,3,3500,5090.66,11200000,2026-09-14,Regional bootstrap estimate anchored to Maharashtra market benchmarks,derived_estimate,,TRUE,Bootstrap/model-development record; not a raw registered transaction.
669,Maharashtra,Nanded,Nanded,Core / Established,Villa,Fully Furnished,3000,4,4,7,5,3500,5448.56,16350000,2026-09-14,Regional bootstrap estimate anchored to Maharashtra market benchmarks,derived_estimate,,TRUE,Bootstrap/model-development record; not a raw registered transaction.
670,Maharashtra,Nanded,Nanded,Core / Established,Villa,Fully Furnished,4200,5,5,1,4,3500,6520.4,27390000,2026-09-14,Regional bootstrap estimate anchored to Maharashtra market benchmarks,derived_estimate,,TRUE,Bootstrap/model-development record; not a raw registered transaction.
671,Maharashtra,Nanded,Nanded,Main Residential,Apartment,Unfurnished,550,1,1,15,5,3500,3004.78,1650000,2026-09-14,Regional bootstrap estimate anchored to Maharashtra market benchmarks,derived_estimate,,TRUE,Bootstrap/model-development record; not a raw registered transaction.
672,Maharashtra,Nanded,Nanded,Main Residential,Apartment,Semi-Furnished,900,2,2,10,19,3500,3464.31,3120000,2026-09-14,Regional bootstrap estimate anchored to Maharashtra market benchmarks,derived_estimate,,TRUE,Bootstrap/model-development record; not a raw registered transaction.
673,Maharashtra,Nanded,Nanded,Main Residential,Apartment,Fully Furnished,1350,3,3,5,20,3500,3797.45,5130000,2026-09-14,Regional bootstrap estimate anchored to Maharashtra market benchmarks,derived_estimate,,TRUE,Bootstrap/model-development record; not a raw registered transaction.
674,Maharashtra,Nanded,Nanded,Main Residential,Apartment,Fully Furnished,1800,4,4,5,16,3500,4197.99,7560000,2026-09-14,Regional bootstrap estimate anchored to Maharashtra market benchmarks,derived_estimate,,TRUE,Bootstrap/model-development record; not a raw registered transaction.
675,Maharashtra,Nanded,Nanded,Main Residential,Independent House,Semi-Furnished,1100,2,2,3,4,3500,3445.98,3790000,2026-09-14,Regional bootstrap estimate anchored to Maharashtra market benchmarks,derived_estimate,,TRUE,Bootstrap/model-development record; not a raw registered transaction.
676,Maharashtra,Nanded,Nanded,Main Residential,Independent House,Fully Furnished,1650,3,3,2,1,3500,3781.46,6240000,2026-09-14,Regional bootstrap estimate anchored to Maharashtra market benchmarks,derived_estimate,,TRUE,Bootstrap/model-development record; not a raw registered transaction.
677,Maharashtra,Nanded,Nanded,Main Residential,Independent House,Fully Furnished,2300,4,4,1,4,3500,4250.76,9780000,2026-09-14,Regional bootstrap estimate anchored to Maharashtra market benchmarks,derived_estimate,,TRUE,Bootstrap/model-development record; not a raw registered transaction.
678,Maharashtra,Nanded,Nanded,Main Residential,Villa,Semi-Furnished,2200,3,3,3,3,3500,4348.26,9570000,2026-09-14,Regional bootstrap estimate anchored to Maharashtra market benchmarks,derived_estimate,,TRUE,Bootstrap/model-development record; not a raw registered transaction.
679,Maharashtra,Nanded,Nanded,Main Residential,Villa,Fully Furnished,3000,4,4,10,4,3500,4469.28,13410000,2026-09-14,Regional bootstrap estimate anchored to Maharashtra market benchmarks,derived_estimate,,TRUE,Bootstrap/model-development record; not a raw registered transaction.
680,Maharashtra,Nanded,Nanded,Main Residential,Villa,Fully Furnished,4200,5,5,1,4,3500,5289.96,22220000,2026-09-14,Regional bootstrap estimate anchored to Maharashtra market benchmarks,derived_estimate,,TRUE,Bootstrap/model-development record; not a raw registered transaction.
681,Maharashtra,Nanded,Nanded,Growth / Peripheral,Apartment,Unfurnished,550,1,1,12,5,3500,2590.32,1420000,2026-09-14,Regional bootstrap estimate anchored to Maharashtra market benchmarks,derived_estimate,,TRUE,Bootstrap/model-development record; not a raw registered transaction.
682,Maharashtra,Nanded,Nanded,Growth / Peripheral,Apartment,Semi-Furnished,900,2,2,12,19,3500,2920.61,2630000,2026-09-14,Regional bootstrap estimate anchored to Maharashtra market benchmarks,derived_estimate,,TRUE,Bootstrap/model-development record; not a raw registered transaction.
683,Maharashtra,Nanded,Nanded,Growth / Peripheral,Apartment,Fully Furnished,1350,3,3,3,9,3500,3237.09,4370000,2026-09-14,Regional bootstrap estimate anchored to Maharashtra market benchmarks,derived_estimate,,TRUE,Bootstrap/model-development record; not a raw registered transaction.
684,Maharashtra,Nanded,Nanded,Growth / Peripheral,Apartment,Fully Furnished,1800,4,4,15,5,3500,2778.67,5000000,2026-09-14,Regional bootstrap estimate anchored to Maharashtra market benchmarks,derived_estimate,,TRUE,Bootstrap/model-development record; not a raw registered transaction.
685,Maharashtra,Nanded,Nanded,Growth / Peripheral,Independent House,Semi-Furnished,1100,2,2,5,4,3500,2975.26,3270000,2026-09-14,Regional bootstrap estimate anchored to Maharashtra market benchmarks,derived_estimate,,TRUE,Bootstrap/model-development record; not a raw registered transaction.
686,Maharashtra,Nanded,Nanded,Growth / Peripheral,Independent House,Fully Furnished,1650,3,3,3,5,3500,3265.88,5390000,2026-09-14,Regional bootstrap estimate anchored to Maharashtra market benchmarks,derived_estimate,,TRUE,Bootstrap/model-development record; not a raw registered transaction.
687,Maharashtra,Nanded,Nanded,Growth / Peripheral,Independent House,Fully Furnished,2300,4,4,7,1,3500,3351.93,7710000,2026-09-14,Regional bootstrap estimate anchored to Maharashtra market benchmarks,derived_estimate,,TRUE,Bootstrap/model-development record; not a raw registered transaction.
688,Maharashtra,Nanded,Nanded,Growth / Peripheral,Villa,Semi-Furnished,2200,3,3,10,4,3500,3326.97,7320000,2026-09-14,Regional bootstrap estimate anchored to Maharashtra market benchmarks,derived_estimate,,TRUE,Bootstrap/model-development record; not a raw registered transaction.
689,Maharashtra,Nanded,Nanded,Growth / Peripheral,Villa,Fully Furnished,3000,4,4,12,4,3500,3601.8,10810000,2026-09-14,Regional bootstrap estimate anchored to Maharashtra market benchmarks,derived_estimate,,TRUE,Bootstrap/model-development record; not a raw registered transaction.
690,Maharashtra,Nanded,Nanded,Growth / Peripheral,Villa,Fully Furnished,4200,5,5,1,3,3500,4618.82,19400000,2026-09-14,Regional bootstrap estimate anchored to Maharashtra market benchmarks,derived_estimate,,TRUE,Bootstrap/model-development record; not a raw registered transaction.
691,Maharashtra,Latur,Latur,Core / Established,Apartment,Unfurnished,550,1,1,7,11,3800,4227.49,2330000,2026-09-14,Regional bootstrap estimate anchored to Maharashtra market benchmarks,derived_estimate,,TRUE,Bootstrap/model-development record; not a raw registered transaction.
692,Maharashtra,Latur,Latur,Core / Established,Apartment,Semi-Furnished,900,2,2,10,9,3800,4469.3,4020000,2026-09-14,Regional bootstrap estimate anchored to Maharashtra market benchmarks,derived_estimate,,TRUE,Bootstrap/model-development record; not a raw registered transaction.
693,Maharashtra,Latur,Latur,Core / Established,Apartment,Fully Furnished,1350,3,3,2,8,3800,5141.4,6940000,2026-09-14,Regional bootstrap estimate anchored to Maharashtra market benchmarks,derived_estimate,,TRUE,Bootstrap/model-development record; not a raw registered transaction.
694,Maharashtra,Latur,Latur,Core / Established,Apartment,Fully Furnished,1800,4,4,15,14,3800,4677.34,8420000,2026-09-14,Regional bootstrap estimate anchored to Maharashtra market benchmarks,derived_estimate,,TRUE,Bootstrap/model-development record; not a raw registered transaction.
695,Maharashtra,Latur,Latur,Core / Established,Independent House,Semi-Furnished,1100,2,2,7,3,3800,4345.26,4780000,2026-09-14,Regional bootstrap estimate anchored to Maharashtra market benchmarks,derived_estimate,,TRUE,Bootstrap/model-development record; not a raw registered transaction.
696,Maharashtra,Latur,Latur,Core / Established,Independent House,Fully Furnished,1650,3,3,12,4,3800,4272.49,7050000,2026-09-14,Regional bootstrap estimate anchored to Maharashtra market benchmarks,derived_estimate,,TRUE,Bootstrap/model-development record; not a raw registered transaction.
697,Maharashtra,Latur,Latur,Core / Established,Independent House,Fully Furnished,2300,4,4,3,1,3800,5252.05,12080000,2026-09-14,Regional bootstrap estimate anchored to Maharashtra market benchmarks,derived_estimate,,TRUE,Bootstrap/model-development record; not a raw registered transaction.
698,Maharashtra,Latur,Latur,Core / Established,Villa,Semi-Furnished,2200,3,3,1,1,3800,5946.58,13080000,2026-09-14,Regional bootstrap estimate anchored to Maharashtra market benchmarks,derived_estimate,,TRUE,Bootstrap/model-development record; not a raw registered transaction.
699,Maharashtra,Latur,Latur,Core / Established,Villa,Fully Furnished,3000,4,4,7,1,3800,5709.44,17130000,2026-09-14,Regional bootstrap estimate anchored to Maharashtra market benchmarks,derived_estimate,,TRUE,Bootstrap/model-development record; not a raw registered transaction.
700,Maharashtra,Latur,Latur,Core / Established,Villa,Fully Furnished,4200,5,5,12,5,3800,5917.41,24850000,2026-09-14,Regional bootstrap estimate anchored to Maharashtra market benchmarks,derived_estimate,,TRUE,Bootstrap/model-development record; not a raw registered transaction.
701,Maharashtra,Latur,Latur,Main Residential,Apartment,Unfurnished,550,1,1,7,6,3800,3608.51,1980000,2026-09-14,Regional bootstrap estimate anchored to Maharashtra market benchmarks,derived_estimate,,TRUE,Bootstrap/model-development record; not a raw registered transaction.
702,Maharashtra,Latur,Latur,Main Residential,Apartment,Semi-Furnished,900,2,2,12,7,3800,3530.07,3180000,2026-09-14,Regional bootstrap estimate anchored to Maharashtra market benchmarks,derived_estimate,,TRUE,Bootstrap/model-development record; not a raw registered transaction.
703,Maharashtra,Latur,Latur,Main Residential,Apartment,Fully Furnished,1350,3,3,7,10,3800,3937.56,5320000,2026-09-14,Regional bootstrap estimate anchored to Maharashtra market benchmarks,derived_estimate,,TRUE,Bootstrap/model-development record; not a raw registered transaction.
704,Maharashtra,Latur,Latur,Main Residential,Apartment,Fully Furnished,1800,4,4,1,3,3800,4337.39,7810000,2026-09-14,Regional bootstrap estimate anchored to Maharashtra market benchmarks,derived_estimate,,TRUE,Bootstrap/model-development record; not a raw registered transaction.
705,Maharashtra,Latur,Latur,Main Residential,Independent House,Semi-Furnished,1100,2,2,3,1,3800,4019.3,4420000,2026-09-14,Regional bootstrap estimate anchored to Maharashtra market benchmarks,derived_estimate,,TRUE,Bootstrap/model-development record; not a raw registered transaction.
706,Maharashtra,Latur,Latur,Main Residential,Independent House,Fully Furnished,1650,3,3,12,4,3800,3724.65,6150000,2026-09-14,Regional bootstrap estimate anchored to Maharashtra market benchmarks,derived_estimate,,TRUE,Bootstrap/model-development record; not a raw registered transaction.
707,Maharashtra,Latur,Latur,Main Residential,Independent House,Fully Furnished,2300,4,4,5,4,3800,4457.29,10250000,2026-09-14,Regional bootstrap estimate anchored to Maharashtra market benchmarks,derived_estimate,,TRUE,Bootstrap/model-development record; not a raw registered transaction.
708,Maharashtra,Latur,Latur,Main Residential,Villa,Semi-Furnished,2200,3,3,2,4,3800,4713.27,10370000,2026-09-14,Regional bootstrap estimate anchored to Maharashtra market benchmarks,derived_estimate,,TRUE,Bootstrap/model-development record; not a raw registered transaction.
709,Maharashtra,Latur,Latur,Main Residential,Villa,Fully Furnished,3000,4,4,10,5,3800,4897.99,14690000,2026-09-14,Regional bootstrap estimate anchored to Maharashtra market benchmarks,derived_estimate,,TRUE,Bootstrap/model-development record; not a raw registered transaction.
710,Maharashtra,Latur,Latur,Main Residential,Villa,Fully Furnished,4200,5,5,5,2,3800,5867.56,24640000,2026-09-14,Regional bootstrap estimate anchored to Maharashtra market benchmarks,derived_estimate,,TRUE,Bootstrap/model-development record; not a raw registered transaction.
711,Maharashtra,Latur,Latur,Growth / Peripheral,Apartment,Unfurnished,550,1,1,7,20,3800,3070.21,1690000,2026-09-14,Regional bootstrap estimate anchored to Maharashtra market benchmarks,derived_estimate,,TRUE,Bootstrap/model-development record; not a raw registered transaction.
712,Maharashtra,Latur,Latur,Growth / Peripheral,Apartment,Semi-Furnished,900,2,2,3,12,3800,3495.84,3150000,2026-09-14,Regional bootstrap estimate anchored to Maharashtra market benchmarks,derived_estimate,,TRUE,Bootstrap/model-development record; not a raw registered transaction.
713,Maharashtra,Latur,Latur,Growth / Peripheral,Apartment,Fully Furnished,1350,3,3,3,7,3800,3660.8,4940000,2026-09-14,Regional bootstrap estimate anchored to Maharashtra market benchmarks,derived_estimate,,TRUE,Bootstrap/model-development record; not a raw registered transaction.
714,Maharashtra,Latur,Latur,Growth / Peripheral,Apartment,Fully Furnished,1800,4,4,12,18,3800,3398.94,6120000,2026-09-14,Regional bootstrap estimate anchored to Maharashtra market benchmarks,derived_estimate,,TRUE,Bootstrap/model-development record; not a raw registered transaction.
715,Maharashtra,Latur,Latur,Growth / Peripheral,Independent House,Semi-Furnished,1100,2,2,10,1,3800,2927.04,3220000,2026-09-14,Regional bootstrap estimate anchored to Maharashtra market benchmarks,derived_estimate,,TRUE,Bootstrap/model-development record; not a raw registered transaction.
716,Maharashtra,Latur,Latur,Growth / Peripheral,Independent House,Fully Furnished,1650,3,3,10,1,3800,3257.99,5380000,2026-09-14,Regional bootstrap estimate anchored to Maharashtra market benchmarks,derived_estimate,,TRUE,Bootstrap/model-development record; not a raw registered transaction.
717,Maharashtra,Latur,Latur,Growth / Peripheral,Independent House,Fully Furnished,2300,4,4,5,1,3800,3698.81,8510000,2026-09-14,Regional bootstrap estimate anchored to Maharashtra market benchmarks,derived_estimate,,TRUE,Bootstrap/model-development record; not a raw registered transaction.
718,Maharashtra,Latur,Latur,Growth / Peripheral,Villa,Semi-Furnished,2200,3,3,12,2,3800,3441.42,7570000,2026-09-14,Regional bootstrap estimate anchored to Maharashtra market benchmarks,derived_estimate,,TRUE,Bootstrap/model-development record; not a raw registered transaction.
719,Maharashtra,Latur,Latur,Growth / Peripheral,Villa,Fully Furnished,3000,4,4,10,3,3800,4177.14,12530000,2026-09-14,Regional bootstrap estimate anchored to Maharashtra market benchmarks,derived_estimate,,TRUE,Bootstrap/model-development record; not a raw registered transaction.
720,Maharashtra,Latur,Latur,Growth / Peripheral,Villa,Fully Furnished,4200,5,5,1,3,3800,4974.49,20890000,2026-09-14,Regional bootstrap estimate anchored to Maharashtra market benchmarks,derived_estimate,,TRUE,Bootstrap/model-development record; not a raw registered transaction.
721,Maharashtra,Dharashiv,Dharashiv,Core / Established,Apartment,Unfurnished,550,1,1,2,12,2800,3325.13,1830000,2026-09-14,Regional bootstrap estimate anchored to Maharashtra market benchmarks,derived_estimate,,TRUE,Bootstrap/model-development record; not a raw registered transaction.
722,Maharashtra,Dharashiv,Dharashiv,Core / Established,Apartment,Semi-Furnished,900,2,2,12,10,2800,3164.27,2850000,2026-09-14,Regional bootstrap estimate anchored to Maharashtra market benchmarks,derived_estimate,,TRUE,Bootstrap/model-development record; not a raw registered transaction.
723,Maharashtra,Dharashiv,Dharashiv,Core / Established,Apartment,Fully Furnished,1350,3,3,15,13,2800,3224.62,4350000,2026-09-14,Regional bootstrap estimate anchored to Maharashtra market benchmarks,derived_estimate,,TRUE,Bootstrap/model-development record; not a raw registered transaction.
724,Maharashtra,Dharashiv,Dharashiv,Core / Established,Apartment,Fully Furnished,1800,4,4,5,2,2800,3667.21,6600000,2026-09-14,Regional bootstrap estimate anchored to Maharashtra market benchmarks,derived_estimate,,TRUE,Bootstrap/model-development record; not a raw registered transaction.
725,Maharashtra,Dharashiv,Dharashiv,Core / Established,Independent House,Semi-Furnished,1100,2,2,1,1,2800,3354.15,3690000,2026-09-14,Regional bootstrap estimate anchored to Maharashtra market benchmarks,derived_estimate,,TRUE,Bootstrap/model-development record; not a raw registered transaction.
726,Maharashtra,Dharashiv,Dharashiv,Core / Established,Independent House,Fully Furnished,1650,3,3,2,4,2800,3827.81,6320000,2026-09-14,Regional bootstrap estimate anchored to Maharashtra market benchmarks,derived_estimate,,TRUE,Bootstrap/model-development record; not a raw registered transaction.
727,Maharashtra,Dharashiv,Dharashiv,Core / Established,Independent House,Fully Furnished,2300,4,4,5,5,2800,3886.64,8940000,2026-09-14,Regional bootstrap estimate anchored to Maharashtra market benchmarks,derived_estimate,,TRUE,Bootstrap/model-development record; not a raw registered transaction.
728,Maharashtra,Dharashiv,Dharashiv,Core / Established,Villa,Semi-Furnished,2200,3,3,5,4,2800,3913.59,8610000,2026-09-14,Regional bootstrap estimate anchored to Maharashtra market benchmarks,derived_estimate,,TRUE,Bootstrap/model-development record; not a raw registered transaction.
729,Maharashtra,Dharashiv,Dharashiv,Core / Established,Villa,Fully Furnished,3000,4,4,5,5,2800,4497.59,13490000,2026-09-14,Regional bootstrap estimate anchored to Maharashtra market benchmarks,derived_estimate,,TRUE,Bootstrap/model-development record; not a raw registered transaction.
730,Maharashtra,Dharashiv,Dharashiv,Core / Established,Villa,Fully Furnished,4200,5,5,10,4,2800,4568.13,19190000,2026-09-14,Regional bootstrap estimate anchored to Maharashtra market benchmarks,derived_estimate,,TRUE,Bootstrap/model-development record; not a raw registered transaction.
731,Maharashtra,Dharashiv,Dharashiv,Main Residential,Apartment,Unfurnished,550,1,1,5,7,2800,2687.95,1480000,2026-09-14,Regional bootstrap estimate anchored to Maharashtra market benchmarks,derived_estimate,,TRUE,Bootstrap/model-development record; not a raw registered transaction.
732,Maharashtra,Dharashiv,Dharashiv,Main Residential,Apartment,Semi-Furnished,900,2,2,3,11,2800,3052.25,2750000,2026-09-14,Regional bootstrap estimate anchored to Maharashtra market benchmarks,derived_estimate,,TRUE,Bootstrap/model-development record; not a raw registered transaction.
733,Maharashtra,Dharashiv,Dharashiv,Main Residential,Apartment,Fully Furnished,1350,3,3,1,7,2800,3184.68,4300000,2026-09-14,Regional bootstrap estimate anchored to Maharashtra market benchmarks,derived_estimate,,TRUE,Bootstrap/model-development record; not a raw registered transaction.
734,Maharashtra,Dharashiv,Dharashiv,Main Residential,Apartment,Fully Furnished,1800,4,4,1,4,2800,3278.47,5900000,2026-09-14,Regional bootstrap estimate anchored to Maharashtra market benchmarks,derived_estimate,,TRUE,Bootstrap/model-development record; not a raw registered transaction.
735,Maharashtra,Dharashiv,Dharashiv,Main Residential,Independent House,Semi-Furnished,1100,2,2,15,4,2800,2392.8,2630000,2026-09-14,Regional bootstrap estimate anchored to Maharashtra market benchmarks,derived_estimate,,TRUE,Bootstrap/model-development record; not a raw registered transaction.
736,Maharashtra,Dharashiv,Dharashiv,Main Residential,Independent House,Fully Furnished,1650,3,3,12,1,2800,2689.72,4440000,2026-09-14,Regional bootstrap estimate anchored to Maharashtra market benchmarks,derived_estimate,,TRUE,Bootstrap/model-development record; not a raw registered transaction.
737,Maharashtra,Dharashiv,Dharashiv,Main Residential,Independent House,Fully Furnished,2300,4,4,12,4,2800,2914.89,6700000,2026-09-14,Regional bootstrap estimate anchored to Maharashtra market benchmarks,derived_estimate,,TRUE,Bootstrap/model-development record; not a raw registered transaction.
738,Maharashtra,Dharashiv,Dharashiv,Main Residential,Villa,Semi-Furnished,2200,3,3,7,4,2800,3312.99,7290000,2026-09-14,Regional bootstrap estimate anchored to Maharashtra market benchmarks,derived_estimate,,TRUE,Bootstrap/model-development record; not a raw registered transaction.
739,Maharashtra,Dharashiv,Dharashiv,Main Residential,Villa,Fully Furnished,3000,4,4,2,2,2800,4045.66,12140000,2026-09-14,Regional bootstrap estimate anchored to Maharashtra market benchmarks,derived_estimate,,TRUE,Bootstrap/model-development record; not a raw registered transaction.
740,Maharashtra,Dharashiv,Dharashiv,Main Residential,Villa,Fully Furnished,4200,5,5,12,5,2800,3920.38,16470000,2026-09-14,Regional bootstrap estimate anchored to Maharashtra market benchmarks,derived_estimate,,TRUE,Bootstrap/model-development record; not a raw registered transaction.
741,Maharashtra,Dharashiv,Dharashiv,Growth / Peripheral,Apartment,Unfurnished,550,1,1,1,2,2800,2227.17,1220000,2026-09-14,Regional bootstrap estimate anchored to Maharashtra market benchmarks,derived_estimate,,TRUE,Bootstrap/model-development record; not a raw registered transaction.
742,Maharashtra,Dharashiv,Dharashiv,Growth / Peripheral,Apartment,Semi-Furnished,900,2,2,12,15,2800,2294.53,2070000,2026-09-14,Regional bootstrap estimate anchored to Maharashtra market benchmarks,derived_estimate,,TRUE,Bootstrap/model-development record; not a raw registered transaction.
743,Maharashtra,Dharashiv,Dharashiv,Growth / Peripheral,Apartment,Fully Furnished,1350,3,3,5,3,2800,2409.59,3250000,2026-09-14,Regional bootstrap estimate anchored to Maharashtra market benchmarks,derived_estimate,,TRUE,Bootstrap/model-development record; not a raw registered transaction.
744,Maharashtra,Dharashiv,Dharashiv,Growth / Peripheral,Apartment,Fully Furnished,1800,4,4,15,20,2800,2322.38,4180000,2026-09-14,Regional bootstrap estimate anchored to Maharashtra market benchmarks,derived_estimate,,TRUE,Bootstrap/model-development record; not a raw registered transaction.
745,Maharashtra,Dharashiv,Dharashiv,Growth / Peripheral,Independent House,Semi-Furnished,1100,2,2,10,5,2800,2212.37,2430000,2026-09-14,Regional bootstrap estimate anchored to Maharashtra market benchmarks,derived_estimate,,TRUE,Bootstrap/model-development record; not a raw registered transaction.
746,Maharashtra,Dharashiv,Dharashiv,Growth / Peripheral,Independent House,Fully Furnished,1650,3,3,5,3,2800,2447.17,4040000,2026-09-14,Regional bootstrap estimate anchored to Maharashtra market benchmarks,derived_estimate,,TRUE,Bootstrap/model-development record; not a raw registered transaction.
747,Maharashtra,Dharashiv,Dharashiv,Growth / Peripheral,Independent House,Fully Furnished,2300,4,4,10,2,2800,2628.9,6050000,2026-09-14,Regional bootstrap estimate anchored to Maharashtra market benchmarks,derived_estimate,,TRUE,Bootstrap/model-development record; not a raw registered transaction.
748,Maharashtra,Dharashiv,Dharashiv,Growth / Peripheral,Villa,Semi-Furnished,2200,3,3,10,1,2800,2635.96,5800000,2026-09-14,Regional bootstrap estimate anchored to Maharashtra market benchmarks,derived_estimate,,TRUE,Bootstrap/model-development record; not a raw registered transaction.
749,Maharashtra,Dharashiv,Dharashiv,Growth / Peripheral,Villa,Fully Furnished,3000,4,4,2,1,2800,3306.31,9920000,2026-09-14,Regional bootstrap estimate anchored to Maharashtra market benchmarks,derived_estimate,,TRUE,Bootstrap/model-development record; not a raw registered transaction.
750,Maharashtra,Dharashiv,Dharashiv,Growth / Peripheral,Villa,Fully Furnished,4200,5,5,12,1,2800,3210.5,13480000,2026-09-14,Regional bootstrap estimate anchored to Maharashtra market benchmarks,derived_estimate,,TRUE,Bootstrap/model-development record; not a raw registered transaction.
751,Maharashtra,Amravati,Amravati,Core / Established,Apartment,Unfurnished,550,1,1,15,13,5090,5296.45,2910000,2026-09-14,Housing.com Maharashtra property-rate benchmark,published_market_benchmark,https://housing.com/price-trends/property-rates-for-buy-in-maharashtra_india-P3mm15uxln8blpmn0,TRUE,Bootstrap/model-development record; not a raw registered transaction.
752,Maharashtra,Amravati,Amravati,Core / Established,Apartment,Semi-Furnished,900,2,2,2,16,5090,6488.96,5840000,2026-09-14,Housing.com Maharashtra property-rate benchmark,published_market_benchmark,https://housing.com/price-trends/property-rates-for-buy-in-maharashtra_india-P3mm15uxln8blpmn0,TRUE,Bootstrap/model-development record; not a raw registered transaction.
753,Maharashtra,Amravati,Amravati,Core / Established,Apartment,Fully Furnished,1350,3,3,1,20,5090,6875.04,9280000,2026-09-14,Housing.com Maharashtra property-rate benchmark,published_market_benchmark,https://housing.com/price-trends/property-rates-for-buy-in-maharashtra_india-P3mm15uxln8blpmn0,TRUE,Bootstrap/model-development record; not a raw registered transaction.
754,Maharashtra,Amravati,Amravati,Core / Established,Apartment,Fully Furnished,1800,4,4,15,16,5090,6270.86,11290000,2026-09-14,Housing.com Maharashtra property-rate benchmark,published_market_benchmark,https://housing.com/price-trends/property-rates-for-buy-in-maharashtra_india-P3mm15uxln8blpmn0,TRUE,Bootstrap/model-development record; not a raw registered transaction.
755,Maharashtra,Amravati,Amravati,Core / Established,Independent House,Semi-Furnished,1100,2,2,15,4,5090,5293.96,5820000,2026-09-14,Housing.com Maharashtra property-rate benchmark,published_market_benchmark,https://housing.com/price-trends/property-rates-for-buy-in-maharashtra_india-P3mm15uxln8blpmn0,TRUE,Bootstrap/model-development record; not a raw registered transaction.
756,Maharashtra,Amravati,Amravati,Core / Established,Independent House,Fully Furnished,1650,3,3,3,3,5090,6596.39,10880000,2026-09-14,Housing.com Maharashtra property-rate benchmark,published_market_benchmark,https://housing.com/price-trends/property-rates-for-buy-in-maharashtra_india-P3mm15uxln8blpmn0,TRUE,Bootstrap/model-development record; not a raw registered transaction.
757,Maharashtra,Amravati,Amravati,Core / Established,Independent House,Fully Furnished,2300,4,4,5,1,5090,7074.38,16270000,2026-09-14,Housing.com Maharashtra property-rate benchmark,published_market_benchmark,https://housing.com/price-trends/property-rates-for-buy-in-maharashtra_india-P3mm15uxln8blpmn0,TRUE,Bootstrap/model-development record; not a raw registered transaction.
758,Maharashtra,Amravati,Amravati,Core / Established,Villa,Semi-Furnished,2200,3,3,5,3,5090,7135.76,15700000,2026-09-14,Housing.com Maharashtra property-rate benchmark,published_market_benchmark,https://housing.com/price-trends/property-rates-for-buy-in-maharashtra_india-P3mm15uxln8blpmn0,TRUE,Bootstrap/model-development record; not a raw registered transaction.
759,Maharashtra,Amravati,Amravati,Core / Established,Villa,Fully Furnished,3000,4,4,1,2,5090,8473.54,25420000,2026-09-14,Housing.com Maharashtra property-rate benchmark,published_market_benchmark,https://housing.com/price-trends/property-rates-for-buy-in-maharashtra_india-P3mm15uxln8blpmn0,TRUE,Bootstrap/model-development record; not a raw registered transaction.
760,Maharashtra,Amravati,Amravati,Core / Established,Villa,Fully Furnished,4200,5,5,3,3,5090,8878.67,37290000,2026-09-14,Housing.com Maharashtra property-rate benchmark,published_market_benchmark,https://housing.com/price-trends/property-rates-for-buy-in-maharashtra_india-P3mm15uxln8blpmn0,TRUE,Bootstrap/model-development record; not a raw registered transaction.
761,Maharashtra,Amravati,Amravati,Main Residential,Apartment,Unfurnished,550,1,1,3,6,5090,5177.31,2850000,2026-09-14,Housing.com Maharashtra property-rate benchmark,published_market_benchmark,https://housing.com/price-trends/property-rates-for-buy-in-maharashtra_india-P3mm15uxln8blpmn0,TRUE,Bootstrap/model-development record; not a raw registered transaction.
762,Maharashtra,Amravati,Amravati,Main Residential,Apartment,Semi-Furnished,900,2,2,10,16,5090,5045.22,4540000,2026-09-14,Housing.com Maharashtra property-rate benchmark,published_market_benchmark,https://housing.com/price-trends/property-rates-for-buy-in-maharashtra_india-P3mm15uxln8blpmn0,TRUE,Bootstrap/model-development record; not a raw registered transaction.
763,Maharashtra,Amravati,Amravati,Main Residential,Apartment,Fully Furnished,1350,3,3,12,18,5090,5343.81,7210000,2026-09-14,Housing.com Maharashtra property-rate benchmark,published_market_benchmark,https://housing.com/price-trends/property-rates-for-buy-in-maharashtra_india-P3mm15uxln8blpmn0,TRUE,Bootstrap/model-development record; not a raw registered transaction.
764,Maharashtra,Amravati,Amravati,Main Residential,Apartment,Fully Furnished,1800,4,4,7,3,5090,5337.12,9610000,2026-09-14,Housing.com Maharashtra property-rate benchmark,published_market_benchmark,https://housing.com/price-trends/property-rates-for-buy-in-maharashtra_india-P3mm15uxln8blpmn0,TRUE,Bootstrap/model-development record; not a raw registered transaction.
765,Maharashtra,Amravati,Amravati,Main Residential,Independent House,Semi-Furnished,1100,2,2,7,4,5090,5069.18,5580000,2026-09-14,Housing.com Maharashtra property-rate benchmark,published_market_benchmark,https://housing.com/price-trends/property-rates-for-buy-in-maharashtra_india-P3mm15uxln8blpmn0,TRUE,Bootstrap/model-development record; not a raw registered transaction.
766,Maharashtra,Amravati,Amravati,Main Residential,Independent House,Fully Furnished,1650,3,3,2,3,5090,5676.6,9370000,2026-09-14,Housing.com Maharashtra property-rate benchmark,published_market_benchmark,https://housing.com/price-trends/property-rates-for-buy-in-maharashtra_india-P3mm15uxln8blpmn0,TRUE,Bootstrap/model-development record; not a raw registered transaction.
767,Maharashtra,Amravati,Amravati,Main Residential,Independent House,Fully Furnished,2300,4,4,3,5,5090,5940.22,13660000,2026-09-14,Housing.com Maharashtra property-rate benchmark,published_market_benchmark,https://housing.com/price-trends/property-rates-for-buy-in-maharashtra_india-P3mm15uxln8blpmn0,TRUE,Bootstrap/model-development record; not a raw registered transaction.
768,Maharashtra,Amravati,Amravati,Main Residential,Villa,Semi-Furnished,2200,3,3,5,4,5090,6155.25,13540000,2026-09-14,Housing.com Maharashtra property-rate benchmark,published_market_benchmark,https://housing.com/price-trends/property-rates-for-buy-in-maharashtra_india-P3mm15uxln8blpmn0,TRUE,Bootstrap/model-development record; not a raw registered transaction.
769,Maharashtra,Amravati,Amravati,Main Residential,Villa,Fully Furnished,3000,4,4,7,3,5090,6914.83,20740000,2026-09-14,Housing.com Maharashtra property-rate benchmark,published_market_benchmark,https://housing.com/price-trends/property-rates-for-buy-in-maharashtra_india-P3mm15uxln8blpmn0,TRUE,Bootstrap/model-development record; not a raw registered transaction.
770,Maharashtra,Amravati,Amravati,Main Residential,Villa,Fully Furnished,4200,5,5,15,5,5090,6409.18,26920000,2026-09-14,Housing.com Maharashtra property-rate benchmark,published_market_benchmark,https://housing.com/price-trends/property-rates-for-buy-in-maharashtra_india-P3mm15uxln8blpmn0,TRUE,Bootstrap/model-development record; not a raw registered transaction.
771,Maharashtra,Amravati,Amravati,Growth / Peripheral,Apartment,Unfurnished,550,1,1,10,5,5090,3810.34,2100000,2026-09-14,Housing.com Maharashtra property-rate benchmark,published_market_benchmark,https://housing.com/price-trends/property-rates-for-buy-in-maharashtra_india-P3mm15uxln8blpmn0,TRUE,Bootstrap/model-development record; not a raw registered transaction.
772,Maharashtra,Amravati,Amravati,Growth / Peripheral,Apartment,Semi-Furnished,900,2,2,2,15,5090,4708.56,4240000,2026-09-14,Housing.com Maharashtra property-rate benchmark,published_market_benchmark,https://housing.com/price-trends/property-rates-for-buy-in-maharashtra_india-P3mm15uxln8blpmn0,TRUE,Bootstrap/model-development record; not a raw registered transaction.
773,Maharashtra,Amravati,Amravati,Growth / Peripheral,Apartment,Fully Furnished,1350,3,3,12,16,5090,4384.78,5920000,2026-09-14,Housing.com Maharashtra property-rate benchmark,published_market_benchmark,https://housing.com/price-trends/property-rates-for-buy-in-maharashtra_india-P3mm15uxln8blpmn0,TRUE,Bootstrap/model-development record; not a raw registered transaction.
774,Maharashtra,Amravati,Amravati,Growth / Peripheral,Apartment,Fully Furnished,1800,4,4,5,16,5090,4932.35,8880000,2026-09-14,Housing.com Maharashtra property-rate benchmark,published_market_benchmark,https://housing.com/price-trends/property-rates-for-buy-in-maharashtra_india-P3mm15uxln8blpmn0,TRUE,Bootstrap/model-development record; not a raw registered transaction.
775,Maharashtra,Amravati,Amravati,Growth / Peripheral,Independent House,Semi-Furnished,1100,2,2,12,1,5090,3796.6,4180000,2026-09-14,Housing.com Maharashtra property-rate benchmark,published_market_benchmark,https://housing.com/price-trends/property-rates-for-buy-in-maharashtra_india-P3mm15uxln8blpmn0,TRUE,Bootstrap/model-development record; not a raw registered transaction.
776,Maharashtra,Amravati,Amravati,Growth / Peripheral,Independent House,Fully Furnished,1650,3,3,12,2,5090,4357.1,7190000,2026-09-14,Housing.com Maharashtra property-rate benchmark,published_market_benchmark,https://housing.com/price-trends/property-rates-for-buy-in-maharashtra_india-P3mm15uxln8blpmn0,TRUE,Bootstrap/model-development record; not a raw registered transaction.
777,Maharashtra,Amravati,Amravati,Growth / Peripheral,Independent House,Fully Furnished,2300,4,4,12,2,5090,4709.67,10830000,2026-09-14,Housing.com Maharashtra property-rate benchmark,published_market_benchmark,https://housing.com/price-trends/property-rates-for-buy-in-maharashtra_india-P3mm15uxln8blpmn0,TRUE,Bootstrap/model-development record; not a raw registered transaction.
778,Maharashtra,Amravati,Amravati,Growth / Peripheral,Villa,Semi-Furnished,2200,3,3,15,4,5090,4577.77,10070000,2026-09-14,Housing.com Maharashtra property-rate benchmark,published_market_benchmark,https://housing.com/price-trends/property-rates-for-buy-in-maharashtra_india-P3mm15uxln8blpmn0,TRUE,Bootstrap/model-development record; not a raw registered transaction.
779,Maharashtra,Amravati,Amravati,Growth / Peripheral,Villa,Fully Furnished,3000,4,4,1,4,5090,6142.33,18430000,2026-09-14,Housing.com Maharashtra property-rate benchmark,published_market_benchmark,https://housing.com/price-trends/property-rates-for-buy-in-maharashtra_india-P3mm15uxln8blpmn0,TRUE,Bootstrap/model-development record; not a raw registered transaction.
780,Maharashtra,Amravati,Amravati,Growth / Peripheral,Villa,Fully Furnished,4200,5,5,2,1,5090,6647.02,27920000,2026-09-14,Housing.com Maharashtra property-rate benchmark,published_market_benchmark,https://housing.com/price-trends/property-rates-for-buy-in-maharashtra_india-P3mm15uxln8blpmn0,TRUE,Bootstrap/model-development record; not a raw registered transaction.
781,Maharashtra,Akola,Akola,Core / Established,Apartment,Unfurnished,550,1,1,3,14,6328,7743.91,4260000,2026-09-14,Housing.com Maharashtra property-rate benchmark,published_market_benchmark,https://housing.com/price-trends/property-rates-for-buy-in-maharashtra_india-P3mm15uxln8blpmn0,TRUE,Bootstrap/model-development record; not a raw registered transaction.
782,Maharashtra,Akola,Akola,Core / Established,Apartment,Semi-Furnished,900,2,2,1,3,6328,7669.27,6900000,2026-09-14,Housing.com Maharashtra property-rate benchmark,published_market_benchmark,https://housing.com/price-trends/property-rates-for-buy-in-maharashtra_india-P3mm15uxln8blpmn0,TRUE,Bootstrap/model-development record; not a raw registered transaction.
783,Maharashtra,Akola,Akola,Core / Established,Apartment,Fully Furnished,1350,3,3,2,12,6328,8523.13,11510000,2026-09-14,Housing.com Maharashtra property-rate benchmark,published_market_benchmark,https://housing.com/price-trends/property-rates-for-buy-in-maharashtra_india-P3mm15uxln8blpmn0,TRUE,Bootstrap/model-development record; not a raw registered transaction.
784,Maharashtra,Akola,Akola,Core / Established,Apartment,Fully Furnished,1800,4,4,10,8,6328,8095.63,14570000,2026-09-14,Housing.com Maharashtra property-rate benchmark,published_market_benchmark,https://housing.com/price-trends/property-rates-for-buy-in-maharashtra_india-P3mm15uxln8blpmn0,TRUE,Bootstrap/model-development record; not a raw registered transaction.
785,Maharashtra,Akola,Akola,Core / Established,Independent House,Semi-Furnished,1100,2,2,15,2,6328,6399.5,7040000,2026-09-14,Housing.com Maharashtra property-rate benchmark,published_market_benchmark,https://housing.com/price-trends/property-rates-for-buy-in-maharashtra_india-P3mm15uxln8blpmn0,TRUE,Bootstrap/model-development record; not a raw registered transaction.
786,Maharashtra,Akola,Akola,Core / Established,Independent House,Fully Furnished,1650,3,3,12,4,6328,7311.51,12060000,2026-09-14,Housing.com Maharashtra property-rate benchmark,published_market_benchmark,https://housing.com/price-trends/property-rates-for-buy-in-maharashtra_india-P3mm15uxln8blpmn0,TRUE,Bootstrap/model-development record; not a raw registered transaction.
787,Maharashtra,Akola,Akola,Core / Established,Independent House,Fully Furnished,2300,4,4,10,2,6328,8365.69,19240000,2026-09-14,Housing.com Maharashtra property-rate benchmark,published_market_benchmark,https://housing.com/price-trends/property-rates-for-buy-in-maharashtra_india-P3mm15uxln8blpmn0,TRUE,Bootstrap/model-development record; not a raw registered transaction.
788,Maharashtra,Akola,Akola,Core / Established,Villa,Semi-Furnished,2200,3,3,1,3,6328,10006.36,22010000,2026-09-14,Housing.com Maharashtra property-rate benchmark,published_market_benchmark,https://housing.com/price-trends/property-rates-for-buy-in-maharashtra_india-P3mm15uxln8blpmn0,TRUE,Bootstrap/model-development record; not a raw registered transaction.
789,Maharashtra,Akola,Akola,Core / Established,Villa,Fully Furnished,3000,4,4,5,2,6328,9786.33,29360000,2026-09-14,Housing.com Maharashtra property-rate benchmark,published_market_benchmark,https://housing.com/price-trends/property-rates-for-buy-in-maharashtra_india-P3mm15uxln8blpmn0,TRUE,Bootstrap/model-development record; not a raw registered transaction.
790,Maharashtra,Akola,Akola,Core / Established,Villa,Fully Furnished,4200,5,5,12,2,6328,10198.53,42830000,2026-09-14,Housing.com Maharashtra property-rate benchmark,published_market_benchmark,https://housing.com/price-trends/property-rates-for-buy-in-maharashtra_india-P3mm15uxln8blpmn0,TRUE,Bootstrap/model-development record; not a raw registered transaction.
791,Maharashtra,Akola,Akola,Main Residential,Apartment,Unfurnished,550,1,1,12,5,6328,5591.96,3080000,2026-09-14,Housing.com Maharashtra property-rate benchmark,published_market_benchmark,https://housing.com/price-trends/property-rates-for-buy-in-maharashtra_india-P3mm15uxln8blpmn0,TRUE,Bootstrap/model-development record; not a raw registered transaction.
792,Maharashtra,Akola,Akola,Main Residential,Apartment,Semi-Furnished,900,2,2,7,8,6328,6053.93,5450000,2026-09-14,Housing.com Maharashtra property-rate benchmark,published_market_benchmark,https://housing.com/price-trends/property-rates-for-buy-in-maharashtra_india-P3mm15uxln8blpmn0,TRUE,Bootstrap/model-development record; not a raw registered transaction.
793,Maharashtra,Akola,Akola,Main Residential,Apartment,Fully Furnished,1350,3,3,12,10,6328,6227.62,8410000,2026-09-14,Housing.com Maharashtra property-rate benchmark,published_market_benchmark,https://housing.com/price-trends/property-rates-for-buy-in-maharashtra_india-P3mm15uxln8blpmn0,TRUE,Bootstrap/model-development record; not a raw registered transaction.
794,Maharashtra,Akola,Akola,Main Residential,Apartment,Fully Furnished,1800,4,4,3,14,6328,7462.59,13430000,2026-09-14,Housing.com Maharashtra property-rate benchmark,published_market_benchmark,https://housing.com/price-trends/property-rates-for-buy-in-maharashtra_india-P3mm15uxln8blpmn0,TRUE,Bootstrap/model-development record; not a raw registered transaction.
795,Maharashtra,Akola,Akola,Main Residential,Independent House,Semi-Furnished,1100,2,2,2,5,6328,6664.89,7330000,2026-09-14,Housing.com Maharashtra property-rate benchmark,published_market_benchmark,https://housing.com/price-trends/property-rates-for-buy-in-maharashtra_india-P3mm15uxln8blpmn0,TRUE,Bootstrap/model-development record; not a raw registered transaction.
796,Maharashtra,Akola,Akola,Main Residential,Independent House,Fully Furnished,1650,3,3,7,3,6328,6873.61,11340000,2026-09-14,Housing.com Maharashtra property-rate benchmark,published_market_benchmark,https://housing.com/price-trends/property-rates-for-buy-in-maharashtra_india-P3mm15uxln8blpmn0,TRUE,Bootstrap/model-development record; not a raw registered transaction.
797,Maharashtra,Akola,Akola,Main Residential,Independent House,Fully Furnished,2300,4,4,2,2,6328,7963.46,18320000,2026-09-14,Housing.com Maharashtra property-rate benchmark,published_market_benchmark,https://housing.com/price-trends/property-rates-for-buy-in-maharashtra_india-P3mm15uxln8blpmn0,TRUE,Bootstrap/model-development record; not a raw registered transaction.
798,Maharashtra,Akola,Akola,Main Residential,Villa,Semi-Furnished,2200,3,3,3,3,6328,7772.83,17100000,2026-09-14,Housing.com Maharashtra property-rate benchmark,published_market_benchmark,https://housing.com/price-trends/property-rates-for-buy-in-maharashtra_india-P3mm15uxln8blpmn0,TRUE,Bootstrap/model-development record; not a raw registered transaction.
799,Maharashtra,Akola,Akola,Main Residential,Villa,Fully Furnished,3000,4,4,7,1,6328,8599.59,25800000,2026-09-14,Housing.com Maharashtra property-rate benchmark,published_market_benchmark,https://housing.com/price-trends/property-rates-for-buy-in-maharashtra_india-P3mm15uxln8blpmn0,TRUE,Bootstrap/model-development record; not a raw registered transaction.
800,Maharashtra,Akola,Akola,Main Residential,Villa,Fully Furnished,4200,5,5,2,4,6328,9913.0,41630000,2026-09-14,Housing.com Maharashtra property-rate benchmark,published_market_benchmark,https://housing.com/price-trends/property-rates-for-buy-in-maharashtra_india-P3mm15uxln8blpmn0,TRUE,Bootstrap/model-development record; not a raw registered transaction.
801,Maharashtra,Akola,Akola,Growth / Peripheral,Apartment,Unfurnished,550,1,1,2,3,6328,5295.22,2910000,2026-09-14,Housing.com Maharashtra property-rate benchmark,published_market_benchmark,https://housing.com/price-trends/property-rates-for-buy-in-maharashtra_india-P3mm15uxln8blpmn0,TRUE,Bootstrap/model-development record; not a raw registered transaction.
802,Maharashtra,Akola,Akola,Growth / Peripheral,Apartment,Semi-Furnished,900,2,2,2,11,6328,5781.63,5200000,2026-09-14,Housing.com Maharashtra property-rate benchmark,published_market_benchmark,https://housing.com/price-trends/property-rates-for-buy-in-maharashtra_india-P3mm15uxln8blpmn0,TRUE,Bootstrap/model-development record; not a raw registered transaction.
803,Maharashtra,Akola,Akola,Growth / Peripheral,Apartment,Fully Furnished,1350,3,3,2,12,6328,6249.69,8440000,2026-09-14,Housing.com Maharashtra property-rate benchmark,published_market_benchmark,https://housing.com/price-trends/property-rates-for-buy-in-maharashtra_india-P3mm15uxln8blpmn0,TRUE,Bootstrap/model-development record; not a raw registered transaction.
804,Maharashtra,Akola,Akola,Growth / Peripheral,Apartment,Fully Furnished,1800,4,4,2,19,6328,6415.32,11550000,2026-09-14,Housing.com Maharashtra property-rate benchmark,published_market_benchmark,https://housing.com/price-trends/property-rates-for-buy-in-maharashtra_india-P3mm15uxln8blpmn0,TRUE,Bootstrap/model-development record; not a raw registered transaction.
805,Maharashtra,Akola,Akola,Growth / Peripheral,Independent House,Semi-Furnished,1100,2,2,2,5,6328,5586.78,6150000,2026-09-14,Housing.com Maharashtra property-rate benchmark,published_market_benchmark,https://housing.com/price-trends/property-rates-for-buy-in-maharashtra_india-P3mm15uxln8blpmn0,TRUE,Bootstrap/model-development record; not a raw registered transaction.
806,Maharashtra,Akola,Akola,Growth / Peripheral,Independent House,Fully Furnished,1650,3,3,10,2,6328,5206.46,8590000,2026-09-14,Housing.com Maharashtra property-rate benchmark,published_market_benchmark,https://housing.com/price-trends/property-rates-for-buy-in-maharashtra_india-P3mm15uxln8blpmn0,TRUE,Bootstrap/model-development record; not a raw registered transaction.
807,Maharashtra,Akola,Akola,Growth / Peripheral,Independent House,Fully Furnished,2300,4,4,2,4,6328,6624.76,15240000,2026-09-14,Housing.com Maharashtra property-rate benchmark,published_market_benchmark,https://housing.com/price-trends/property-rates-for-buy-in-maharashtra_india-P3mm15uxln8blpmn0,TRUE,Bootstrap/model-development record; not a raw registered transaction.
808,Maharashtra,Akola,Akola,Growth / Peripheral,Villa,Semi-Furnished,2200,3,3,2,4,6328,6727.51,14800000,2026-09-14,Housing.com Maharashtra property-rate benchmark,published_market_benchmark,https://housing.com/price-trends/property-rates-for-buy-in-maharashtra_india-P3mm15uxln8blpmn0,TRUE,Bootstrap/model-development record; not a raw registered transaction.
809,Maharashtra,Akola,Akola,Growth / Peripheral,Villa,Fully Furnished,3000,4,4,5,3,6328,7423.38,22270000,2026-09-14,Housing.com Maharashtra property-rate benchmark,published_market_benchmark,https://housing.com/price-trends/property-rates-for-buy-in-maharashtra_india-P3mm15uxln8blpmn0,TRUE,Bootstrap/model-development record; not a raw registered transaction.
810,Maharashtra,Akola,Akola,Growth / Peripheral,Villa,Fully Furnished,4200,5,5,12,1,6328,7351.7,30880000,2026-09-14,Housing.com Maharashtra property-rate benchmark,published_market_benchmark,https://housing.com/price-trends/property-rates-for-buy-in-maharashtra_india-P3mm15uxln8blpmn0,TRUE,Bootstrap/model-development record; not a raw registered transaction.
811,Maharashtra,Buldhana,Buldhana,Core / Established,Apartment,Unfurnished,550,1,1,1,3,3200,3830.77,2110000,2026-09-14,Regional bootstrap estimate anchored to Maharashtra market benchmarks,derived_estimate,,TRUE,Bootstrap/model-development record; not a raw registered transaction.
812,Maharashtra,Buldhana,Buldhana,Core / Established,Apartment,Semi-Furnished,900,2,2,3,7,3200,3990.18,3590000,2026-09-14,Regional bootstrap estimate anchored to Maharashtra market benchmarks,derived_estimate,,TRUE,Bootstrap/model-development record; not a raw registered transaction.
813,Maharashtra,Buldhana,Buldhana,Core / Established,Apartment,Fully Furnished,1350,3,3,2,8,3200,4212.93,5690000,2026-09-14,Regional bootstrap estimate anchored to Maharashtra market benchmarks,derived_estimate,,TRUE,Bootstrap/model-development record; not a raw registered transaction.
814,Maharashtra,Buldhana,Buldhana,Core / Established,Apartment,Fully Furnished,1800,4,4,10,17,3200,4249.46,7650000,2026-09-14,Regional bootstrap estimate anchored to Maharashtra market benchmarks,derived_estimate,,TRUE,Bootstrap/model-development record; not a raw registered transaction.
815,Maharashtra,Buldhana,Buldhana,Core / Established,Independent House,Semi-Furnished,1100,2,2,2,3,3200,3795.99,4180000,2026-09-14,Regional bootstrap estimate anchored to Maharashtra market benchmarks,derived_estimate,,TRUE,Bootstrap/model-development record; not a raw registered transaction.
816,Maharashtra,Buldhana,Buldhana,Core / Established,Independent House,Fully Furnished,1650,3,3,1,1,3200,4138.23,6830000,2026-09-14,Regional bootstrap estimate anchored to Maharashtra market benchmarks,derived_estimate,,TRUE,Bootstrap/model-development record; not a raw registered transaction.
817,Maharashtra,Buldhana,Buldhana,Core / Established,Independent House,Fully Furnished,2300,4,4,2,4,3200,4576.23,10530000,2026-09-14,Regional bootstrap estimate anchored to Maharashtra market benchmarks,derived_estimate,,TRUE,Bootstrap/model-development record; not a raw registered transaction.
818,Maharashtra,Buldhana,Buldhana,Core / Established,Villa,Semi-Furnished,2200,3,3,1,5,3200,4769.25,10490000,2026-09-14,Regional bootstrap estimate anchored to Maharashtra market benchmarks,derived_estimate,,TRUE,Bootstrap/model-development record; not a raw registered transaction.
819,Maharashtra,Buldhana,Buldhana,Core / Established,Villa,Fully Furnished,3000,4,4,2,1,3200,5315.14,15950000,2026-09-14,Regional bootstrap estimate anchored to Maharashtra market benchmarks,derived_estimate,,TRUE,Bootstrap/model-development record; not a raw registered transaction.
820,Maharashtra,Buldhana,Buldhana,Core / Established,Villa,Fully Furnished,4200,5,5,10,3,3200,5219.92,21920000,2026-09-14,Regional bootstrap estimate anchored to Maharashtra market benchmarks,derived_estimate,,TRUE,Bootstrap/model-development record; not a raw registered transaction.
821,Maharashtra,Buldhana,Buldhana,Main Residential,Apartment,Unfurnished,550,1,1,7,7,3200,2947.11,1620000,2026-09-14,Regional bootstrap estimate anchored to Maharashtra market benchmarks,derived_estimate,,TRUE,Bootstrap/model-development record; not a raw registered transaction.
822,Maharashtra,Buldhana,Buldhana,Main Residential,Apartment,Semi-Furnished,900,2,2,3,9,3200,3350.84,3020000,2026-09-14,Regional bootstrap estimate anchored to Maharashtra market benchmarks,derived_estimate,,TRUE,Bootstrap/model-development record; not a raw registered transaction.
823,Maharashtra,Buldhana,Buldhana,Main Residential,Apartment,Fully Furnished,1350,3,3,12,12,3200,3122.58,4220000,2026-09-14,Regional bootstrap estimate anchored to Maharashtra market benchmarks,derived_estimate,,TRUE,Bootstrap/model-development record; not a raw registered transaction.
824,Maharashtra,Buldhana,Buldhana,Main Residential,Apartment,Fully Furnished,1800,4,4,10,14,3200,3453.96,6220000,2026-09-14,Regional bootstrap estimate anchored to Maharashtra market benchmarks,derived_estimate,,TRUE,Bootstrap/model-development record; not a raw registered transaction.
825,Maharashtra,Buldhana,Buldhana,Main Residential,Independent House,Semi-Furnished,1100,2,2,5,2,3200,3101.7,3410000,2026-09-14,Regional bootstrap estimate anchored to Maharashtra market benchmarks,derived_estimate,,TRUE,Bootstrap/model-development record; not a raw registered transaction.
826,Maharashtra,Buldhana,Buldhana,Main Residential,Independent House,Fully Furnished,1650,3,3,5,4,3200,3512.67,5800000,2026-09-14,Regional bootstrap estimate anchored to Maharashtra market benchmarks,derived_estimate,,TRUE,Bootstrap/model-development record; not a raw registered transaction.
827,Maharashtra,Buldhana,Buldhana,Main Residential,Independent House,Fully Furnished,2300,4,4,15,4,3200,3169.58,7290000,2026-09-14,Regional bootstrap estimate anchored to Maharashtra market benchmarks,derived_estimate,,TRUE,Bootstrap/model-development record; not a raw registered transaction.
828,Maharashtra,Buldhana,Buldhana,Main Residential,Villa,Semi-Furnished,2200,3,3,15,2,3200,3334.09,7330000,2026-09-14,Regional bootstrap estimate anchored to Maharashtra market benchmarks,derived_estimate,,TRUE,Bootstrap/model-development record; not a raw registered transaction.
829,Maharashtra,Buldhana,Buldhana,Main Residential,Villa,Fully Furnished,3000,4,4,10,3,3200,3989.47,11970000,2026-09-14,Regional bootstrap estimate anchored to Maharashtra market benchmarks,derived_estimate,,TRUE,Bootstrap/model-development record; not a raw registered transaction.
830,Maharashtra,Buldhana,Buldhana,Main Residential,Villa,Fully Furnished,4200,5,5,10,4,3200,4558.3,19140000,2026-09-14,Regional bootstrap estimate anchored to Maharashtra market benchmarks,derived_estimate,,TRUE,Bootstrap/model-development record; not a raw registered transaction.
831,Maharashtra,Buldhana,Buldhana,Growth / Peripheral,Apartment,Unfurnished,550,1,1,2,14,3200,2689.51,1480000,2026-09-14,Regional bootstrap estimate anchored to Maharashtra market benchmarks,derived_estimate,,TRUE,Bootstrap/model-development record; not a raw registered transaction.
832,Maharashtra,Buldhana,Buldhana,Growth / Peripheral,Apartment,Semi-Furnished,900,2,2,12,2,3200,2535.95,2280000,2026-09-14,Regional bootstrap estimate anchored to Maharashtra market benchmarks,derived_estimate,,TRUE,Bootstrap/model-development record; not a raw registered transaction.
833,Maharashtra,Buldhana,Buldhana,Growth / Peripheral,Apartment,Fully Furnished,1350,3,3,12,18,3200,2814.81,3800000,2026-09-14,Regional bootstrap estimate anchored to Maharashtra market benchmarks,derived_estimate,,TRUE,Bootstrap/model-development record; not a raw registered transaction.
834,Maharashtra,Buldhana,Buldhana,Growth / Peripheral,Apartment,Fully Furnished,1800,4,4,2,3,3200,3102.09,5580000,2026-09-14,Regional bootstrap estimate anchored to Maharashtra market benchmarks,derived_estimate,,TRUE,Bootstrap/model-development record; not a raw registered transaction.
835,Maharashtra,Buldhana,Buldhana,Growth / Peripheral,Independent House,Semi-Furnished,1100,2,2,1,5,3200,2824.46,3110000,2026-09-14,Regional bootstrap estimate anchored to Maharashtra market benchmarks,derived_estimate,,TRUE,Bootstrap/model-development record; not a raw registered transaction.
836,Maharashtra,Buldhana,Buldhana,Growth / Peripheral,Independent House,Fully Furnished,1650,3,3,10,2,3200,2686.0,4430000,2026-09-14,Regional bootstrap estimate anchored to Maharashtra market benchmarks,derived_estimate,,TRUE,Bootstrap/model-development record; not a raw registered transaction.
837,Maharashtra,Buldhana,Buldhana,Growth / Peripheral,Independent House,Fully Furnished,2300,4,4,2,4,3200,3294.2,7580000,2026-09-14,Regional bootstrap estimate anchored to Maharashtra market benchmarks,derived_estimate,,TRUE,Bootstrap/model-development record; not a raw registered transaction.
838,Maharashtra,Buldhana,Buldhana,Growth / Peripheral,Villa,Semi-Furnished,2200,3,3,7,2,3200,3280.22,7220000,2026-09-14,Regional bootstrap estimate anchored to Maharashtra market benchmarks,derived_estimate,,TRUE,Bootstrap/model-development record; not a raw registered transaction.
839,Maharashtra,Buldhana,Buldhana,Growth / Peripheral,Villa,Fully Furnished,3000,4,4,10,1,3200,3467.59,10400000,2026-09-14,Regional bootstrap estimate anchored to Maharashtra market benchmarks,derived_estimate,,TRUE,Bootstrap/model-development record; not a raw registered transaction.
840,Maharashtra,Buldhana,Buldhana,Growth / Peripheral,Villa,Fully Furnished,4200,5,5,2,5,3200,4090.07,17180000,2026-09-14,Regional bootstrap estimate anchored to Maharashtra market benchmarks,derived_estimate,,TRUE,Bootstrap/model-development record; not a raw registered transaction.
841,Maharashtra,Washim,Washim,Core / Established,Apartment,Unfurnished,550,1,1,2,17,2800,3521.64,1940000,2026-09-14,Regional bootstrap estimate anchored to Maharashtra market benchmarks,derived_estimate,,TRUE,Bootstrap/model-development record; not a raw registered transaction.
842,Maharashtra,Washim,Washim,Core / Established,Apartment,Semi-Furnished,900,2,2,2,4,2800,3355.45,3020000,2026-09-14,Regional bootstrap estimate anchored to Maharashtra market benchmarks,derived_estimate,,TRUE,Bootstrap/model-development record; not a raw registered transaction.
843,Maharashtra,Washim,Washim,Core / Established,Apartment,Fully Furnished,1350,3,3,15,2,2800,3130.96,4230000,2026-09-14,Regional bootstrap estimate anchored to Maharashtra market benchmarks,derived_estimate,,TRUE,Bootstrap/model-development record; not a raw registered transaction.
844,Maharashtra,Washim,Washim,Core / Established,Apartment,Fully Furnished,1800,4,4,12,18,2800,3632.91,6540000,2026-09-14,Regional bootstrap estimate anchored to Maharashtra market benchmarks,derived_estimate,,TRUE,Bootstrap/model-development record; not a raw registered transaction.
845,Maharashtra,Washim,Washim,Core / Established,Independent House,Semi-Furnished,1100,2,2,3,2,2800,3318.65,3650000,2026-09-14,Regional bootstrap estimate anchored to Maharashtra market benchmarks,derived_estimate,,TRUE,Bootstrap/model-development record; not a raw registered transaction.
846,Maharashtra,Washim,Washim,Core / Established,Independent House,Fully Furnished,1650,3,3,5,4,2800,3499.03,5770000,2026-09-14,Regional bootstrap estimate anchored to Maharashtra market benchmarks,derived_estimate,,TRUE,Bootstrap/model-development record; not a raw registered transaction.
847,Maharashtra,Washim,Washim,Core / Established,Independent House,Fully Furnished,2300,4,4,5,1,2800,3832.86,8820000,2026-09-14,Regional bootstrap estimate anchored to Maharashtra market benchmarks,derived_estimate,,TRUE,Bootstrap/model-development record; not a raw registered transaction.
848,Maharashtra,Washim,Washim,Core / Established,Villa,Semi-Furnished,2200,3,3,7,1,2800,4096.98,9010000,2026-09-14,Regional bootstrap estimate anchored to Maharashtra market benchmarks,derived_estimate,,TRUE,Bootstrap/model-development record; not a raw registered transaction.
849,Maharashtra,Washim,Washim,Core / Established,Villa,Fully Furnished,3000,4,4,10,5,2800,4304.43,12910000,2026-09-14,Regional bootstrap estimate anchored to Maharashtra market benchmarks,derived_estimate,,TRUE,Bootstrap/model-development record; not a raw registered transaction.
850,Maharashtra,Washim,Washim,Core / Established,Villa,Fully Furnished,4200,5,5,2,1,2800,5252.53,22060000,2026-09-14,Regional bootstrap estimate anchored to Maharashtra market benchmarks,derived_estimate,,TRUE,Bootstrap/model-development record; not a raw registered transaction.
851,Maharashtra,Washim,Washim,Main Residential,Apartment,Unfurnished,550,1,1,10,11,2800,2483.21,1370000,2026-09-14,Regional bootstrap estimate anchored to Maharashtra market benchmarks,derived_estimate,,TRUE,Bootstrap/model-development record; not a raw registered transaction.
852,Maharashtra,Washim,Washim,Main Residential,Apartment,Semi-Furnished,900,2,2,12,3,2800,2502.48,2250000,2026-09-14,Regional bootstrap estimate anchored to Maharashtra market benchmarks,derived_estimate,,TRUE,Bootstrap/model-development record; not a raw registered transaction.
853,Maharashtra,Washim,Washim,Main Residential,Apartment,Fully Furnished,1350,3,3,5,8,2800,3043.08,4110000,2026-09-14,Regional bootstrap estimate anchored to Maharashtra market benchmarks,derived_estimate,,TRUE,Bootstrap/model-development record; not a raw registered transaction.
854,Maharashtra,Washim,Washim,Main Residential,Apartment,Fully Furnished,1800,4,4,2,17,2800,3482.87,6270000,2026-09-14,Regional bootstrap estimate anchored to Maharashtra market benchmarks,derived_estimate,,TRUE,Bootstrap/model-development record; not a raw registered transaction.
855,Maharashtra,Washim,Washim,Main Residential,Independent House,Semi-Furnished,1100,2,2,7,1,2800,2810.87,3090000,2026-09-14,Regional bootstrap estimate anchored to Maharashtra market benchmarks,derived_estimate,,TRUE,Bootstrap/model-development record; not a raw registered transaction.
856,Maharashtra,Washim,Washim,Main Residential,Independent House,Fully Furnished,1650,3,3,5,4,2800,2929.19,4830000,2026-09-14,Regional bootstrap estimate anchored to Maharashtra market benchmarks,derived_estimate,,TRUE,Bootstrap/model-development record; not a raw registered transaction.
857,Maharashtra,Washim,Washim,Main Residential,Independent House,Fully Furnished,2300,4,4,12,2,2800,3017.99,6940000,2026-09-14,Regional bootstrap estimate anchored to Maharashtra market benchmarks,derived_estimate,,TRUE,Bootstrap/model-development record; not a raw registered transaction.
858,Maharashtra,Washim,Washim,Main Residential,Villa,Semi-Furnished,2200,3,3,10,4,2800,3307.48,7280000,2026-09-14,Regional bootstrap estimate anchored to Maharashtra market benchmarks,derived_estimate,,TRUE,Bootstrap/model-development record; not a raw registered transaction.
859,Maharashtra,Washim,Washim,Main Residential,Villa,Fully Furnished,3000,4,4,3,3,2800,3805.29,11420000,2026-09-14,Regional bootstrap estimate anchored to Maharashtra market benchmarks,derived_estimate,,TRUE,Bootstrap/model-development record; not a raw registered transaction.
860,Maharashtra,Washim,Washim,Main Residential,Villa,Fully Furnished,4200,5,5,7,5,2800,4156.28,17460000,2026-09-14,Regional bootstrap estimate anchored to Maharashtra market benchmarks,derived_estimate,,TRUE,Bootstrap/model-development record; not a raw registered transaction.
861,Maharashtra,Washim,Washim,Growth / Peripheral,Apartment,Unfurnished,550,1,1,2,4,2800,2276.27,1250000,2026-09-14,Regional bootstrap estimate anchored to Maharashtra market benchmarks,derived_estimate,,TRUE,Bootstrap/model-development record; not a raw registered transaction.
862,Maharashtra,Washim,Washim,Growth / Peripheral,Apartment,Semi-Furnished,900,2,2,10,7,2800,2241.68,2020000,2026-09-14,Regional bootstrap estimate anchored to Maharashtra market benchmarks,derived_estimate,,TRUE,Bootstrap/model-development record; not a raw registered transaction.
863,Maharashtra,Washim,Washim,Growth / Peripheral,Apartment,Fully Furnished,1350,3,3,12,16,2800,2481.69,3350000,2026-09-14,Regional bootstrap estimate anchored to Maharashtra market benchmarks,derived_estimate,,TRUE,Bootstrap/model-development record; not a raw registered transaction.
864,Maharashtra,Washim,Washim,Growth / Peripheral,Apartment,Fully Furnished,1800,4,4,10,17,2800,2497.04,4490000,2026-09-14,Regional bootstrap estimate anchored to Maharashtra market benchmarks,derived_estimate,,TRUE,Bootstrap/model-development record; not a raw registered transaction.
865,Maharashtra,Washim,Washim,Growth / Peripheral,Independent House,Semi-Furnished,1100,2,2,7,2,2800,2225.3,2450000,2026-09-14,Regional bootstrap estimate anchored to Maharashtra market benchmarks,derived_estimate,,TRUE,Bootstrap/model-development record; not a raw registered transaction.
866,Maharashtra,Washim,Washim,Growth / Peripheral,Independent House,Fully Furnished,1650,3,3,7,1,2800,2424.55,4000000,2026-09-14,Regional bootstrap estimate anchored to Maharashtra market benchmarks,derived_estimate,,TRUE,Bootstrap/model-development record; not a raw registered transaction.
867,Maharashtra,Washim,Washim,Growth / Peripheral,Independent House,Fully Furnished,2300,4,4,5,5,2800,2727.24,6270000,2026-09-14,Regional bootstrap estimate anchored to Maharashtra market benchmarks,derived_estimate,,TRUE,Bootstrap/model-development record; not a raw registered transaction.
868,Maharashtra,Washim,Washim,Growth / Peripheral,Villa,Semi-Furnished,2200,3,3,2,2,2800,2961.45,6520000,2026-09-14,Regional bootstrap estimate anchored to Maharashtra market benchmarks,derived_estimate,,TRUE,Bootstrap/model-development record; not a raw registered transaction.
869,Maharashtra,Washim,Washim,Growth / Peripheral,Villa,Fully Furnished,3000,4,4,2,1,2800,3169.35,9510000,2026-09-14,Regional bootstrap estimate anchored to Maharashtra market benchmarks,derived_estimate,,TRUE,Bootstrap/model-development record; not a raw registered transaction.
870,Maharashtra,Washim,Washim,Growth / Peripheral,Villa,Fully Furnished,4200,5,5,1,3,2800,3548.22,14900000,2026-09-14,Regional bootstrap estimate anchored to Maharashtra market benchmarks,derived_estimate,,TRUE,Bootstrap/model-development record; not a raw registered transaction.
871,Maharashtra,Yavatmal,Yavatmal,Core / Established,Apartment,Unfurnished,550,1,1,10,19,4293,4622.28,2540000,2026-09-14,Housing.com Maharashtra property-rate benchmark,published_market_benchmark,https://housing.com/price-trends/property-rates-for-buy-in-maharashtra_india-P3mm15uxln8blpmn0,TRUE,Bootstrap/model-development record; not a raw registered transaction.
872,Maharashtra,Yavatmal,Yavatmal,Core / Established,Apartment,Semi-Furnished,900,2,2,10,3,4293,4852.27,4370000,2026-09-14,Housing.com Maharashtra property-rate benchmark,published_market_benchmark,https://housing.com/price-trends/property-rates-for-buy-in-maharashtra_india-P3mm15uxln8blpmn0,TRUE,Bootstrap/model-development record; not a raw registered transaction.
873,Maharashtra,Yavatmal,Yavatmal,Core / Established,Apartment,Fully Furnished,1350,3,3,10,9,4293,5270.24,7110000,2026-09-14,Housing.com Maharashtra property-rate benchmark,published_market_benchmark,https://housing.com/price-trends/property-rates-for-buy-in-maharashtra_india-P3mm15uxln8blpmn0,TRUE,Bootstrap/model-development record; not a raw registered transaction.
874,Maharashtra,Yavatmal,Yavatmal,Core / Established,Apartment,Fully Furnished,1800,4,4,15,16,4293,5043.56,9080000,2026-09-14,Housing.com Maharashtra property-rate benchmark,published_market_benchmark,https://housing.com/price-trends/property-rates-for-buy-in-maharashtra_india-P3mm15uxln8blpmn0,TRUE,Bootstrap/model-development record; not a raw registered transaction.
875,Maharashtra,Yavatmal,Yavatmal,Core / Established,Independent House,Semi-Furnished,1100,2,2,7,3,4293,5072.58,5580000,2026-09-14,Housing.com Maharashtra property-rate benchmark,published_market_benchmark,https://housing.com/price-trends/property-rates-for-buy-in-maharashtra_india-P3mm15uxln8blpmn0,TRUE,Bootstrap/model-development record; not a raw registered transaction.
876,Maharashtra,Yavatmal,Yavatmal,Core / Established,Independent House,Fully Furnished,1650,3,3,12,1,4293,4792.48,7910000,2026-09-14,Housing.com Maharashtra property-rate benchmark,published_market_benchmark,https://housing.com/price-trends/property-rates-for-buy-in-maharashtra_india-P3mm15uxln8blpmn0,TRUE,Bootstrap/model-development record; not a raw registered transaction.
877,Maharashtra,Yavatmal,Yavatmal,Core / Established,Independent House,Fully Furnished,2300,4,4,10,1,4293,5758.29,13240000,2026-09-14,Housing.com Maharashtra property-rate benchmark,published_market_benchmark,https://housing.com/price-trends/property-rates-for-buy-in-maharashtra_india-P3mm15uxln8blpmn0,TRUE,Bootstrap/model-development record; not a raw registered transaction.
878,Maharashtra,Yavatmal,Yavatmal,Core / Established,Villa,Semi-Furnished,2200,3,3,7,1,4293,6016.99,13240000,2026-09-14,Housing.com Maharashtra property-rate benchmark,published_market_benchmark,https://housing.com/price-trends/property-rates-for-buy-in-maharashtra_india-P3mm15uxln8blpmn0,TRUE,Bootstrap/model-development record; not a raw registered transaction.
879,Maharashtra,Yavatmal,Yavatmal,Core / Established,Villa,Fully Furnished,3000,4,4,15,1,4293,5985.96,17960000,2026-09-14,Housing.com Maharashtra property-rate benchmark,published_market_benchmark,https://housing.com/price-trends/property-rates-for-buy-in-maharashtra_india-P3mm15uxln8blpmn0,TRUE,Bootstrap/model-development record; not a raw registered transaction.
880,Maharashtra,Yavatmal,Yavatmal,Core / Established,Villa,Fully Furnished,4200,5,5,10,2,4293,7235.25,30390000,2026-09-14,Housing.com Maharashtra property-rate benchmark,published_market_benchmark,https://housing.com/price-trends/property-rates-for-buy-in-maharashtra_india-P3mm15uxln8blpmn0,TRUE,Bootstrap/model-development record; not a raw registered transaction.
881,Maharashtra,Yavatmal,Yavatmal,Main Residential,Apartment,Unfurnished,550,1,1,7,20,4293,4157.29,2290000,2026-09-14,Housing.com Maharashtra property-rate benchmark,published_market_benchmark,https://housing.com/price-trends/property-rates-for-buy-in-maharashtra_india-P3mm15uxln8blpmn0,TRUE,Bootstrap/model-development record; not a raw registered transaction.
882,Maharashtra,Yavatmal,Yavatmal,Main Residential,Apartment,Semi-Furnished,900,2,2,7,10,4293,4148.26,3730000,2026-09-14,Housing.com Maharashtra property-rate benchmark,published_market_benchmark,https://housing.com/price-trends/property-rates-for-buy-in-maharashtra_india-P3mm15uxln8blpmn0,TRUE,Bootstrap/model-development record; not a raw registered transaction.
883,Maharashtra,Yavatmal,Yavatmal,Main Residential,Apartment,Fully Furnished,1350,3,3,2,14,4293,4777.48,6450000,2026-09-14,Housing.com Maharashtra property-rate benchmark,published_market_benchmark,https://housing.com/price-trends/property-rates-for-buy-in-maharashtra_india-P3mm15uxln8blpmn0,TRUE,Bootstrap/model-development record; not a raw registered transaction.
884,Maharashtra,Yavatmal,Yavatmal,Main Residential,Apartment,Fully Furnished,1800,4,4,5,11,4293,4961.49,8930000,2026-09-14,Housing.com Maharashtra property-rate benchmark,published_market_benchmark,https://housing.com/price-trends/property-rates-for-buy-in-maharashtra_india-P3mm15uxln8blpmn0,TRUE,Bootstrap/model-development record; not a raw registered transaction.
885,Maharashtra,Yavatmal,Yavatmal,Main Residential,Independent House,Semi-Furnished,1100,2,2,2,1,4293,4534.3,4990000,2026-09-14,Housing.com Maharashtra property-rate benchmark,published_market_benchmark,https://housing.com/price-trends/property-rates-for-buy-in-maharashtra_india-P3mm15uxln8blpmn0,TRUE,Bootstrap/model-development record; not a raw registered transaction.
886,Maharashtra,Yavatmal,Yavatmal,Main Residential,Independent House,Fully Furnished,1650,3,3,12,3,4293,4333.3,7150000,2026-09-14,Housing.com Maharashtra property-rate benchmark,published_market_benchmark,https://housing.com/price-trends/property-rates-for-buy-in-maharashtra_india-P3mm15uxln8blpmn0,TRUE,Bootstrap/model-development record; not a raw registered transaction.
887,Maharashtra,Yavatmal,Yavatmal,Main Residential,Independent House,Fully Furnished,2300,4,4,5,5,4293,4954.39,11400000,2026-09-14,Housing.com Maharashtra property-rate benchmark,published_market_benchmark,https://housing.com/price-trends/property-rates-for-buy-in-maharashtra_india-P3mm15uxln8blpmn0,TRUE,Bootstrap/model-development record; not a raw registered transaction.
888,Maharashtra,Yavatmal,Yavatmal,Main Residential,Villa,Semi-Furnished,2200,3,3,12,1,4293,4831.83,10630000,2026-09-14,Housing.com Maharashtra property-rate benchmark,published_market_benchmark,https://housing.com/price-trends/property-rates-for-buy-in-maharashtra_india-P3mm15uxln8blpmn0,TRUE,Bootstrap/model-development record; not a raw registered transaction.
889,Maharashtra,Yavatmal,Yavatmal,Main Residential,Villa,Fully Furnished,3000,4,4,3,3,4293,5878.73,17640000,2026-09-14,Housing.com Maharashtra property-rate benchmark,published_market_benchmark,https://housing.com/price-trends/property-rates-for-buy-in-maharashtra_india-P3mm15uxln8blpmn0,TRUE,Bootstrap/model-development record; not a raw registered transaction.
890,Maharashtra,Yavatmal,Yavatmal,Main Residential,Villa,Fully Furnished,4200,5,5,10,3,4293,5795.22,24340000,2026-09-14,Housing.com Maharashtra property-rate benchmark,published_market_benchmark,https://housing.com/price-trends/property-rates-for-buy-in-maharashtra_india-P3mm15uxln8blpmn0,TRUE,Bootstrap/model-development record; not a raw registered transaction.
891,Maharashtra,Yavatmal,Yavatmal,Growth / Peripheral,Apartment,Unfurnished,550,1,1,3,6,4293,3601.93,1980000,2026-09-14,Housing.com Maharashtra property-rate benchmark,published_market_benchmark,https://housing.com/price-trends/property-rates-for-buy-in-maharashtra_india-P3mm15uxln8blpmn0,TRUE,Bootstrap/model-development record; not a raw registered transaction.
892,Maharashtra,Yavatmal,Yavatmal,Growth / Peripheral,Apartment,Semi-Furnished,900,2,2,15,5,4293,3168.89,2850000,2026-09-14,Housing.com Maharashtra property-rate benchmark,published_market_benchmark,https://housing.com/price-trends/property-rates-for-buy-in-maharashtra_india-P3mm15uxln8blpmn0,TRUE,Bootstrap/model-development record; not a raw registered transaction.
893,Maharashtra,Yavatmal,Yavatmal,Growth / Peripheral,Apartment,Fully Furnished,1350,3,3,2,16,4293,4195.01,5660000,2026-09-14,Housing.com Maharashtra property-rate benchmark,published_market_benchmark,https://housing.com/price-trends/property-rates-for-buy-in-maharashtra_india-P3mm15uxln8blpmn0,TRUE,Bootstrap/model-development record; not a raw registered transaction.
894,Maharashtra,Yavatmal,Yavatmal,Growth / Peripheral,Apartment,Fully Furnished,1800,4,4,12,3,4293,3783.33,6810000,2026-09-14,Housing.com Maharashtra property-rate benchmark,published_market_benchmark,https://housing.com/price-trends/property-rates-for-buy-in-maharashtra_india-P3mm15uxln8blpmn0,TRUE,Bootstrap/model-development record; not a raw registered transaction.
895,Maharashtra,Yavatmal,Yavatmal,Growth / Peripheral,Independent House,Semi-Furnished,1100,2,2,12,1,4293,3366.88,3700000,2026-09-14,Housing.com Maharashtra property-rate benchmark,published_market_benchmark,https://housing.com/price-trends/property-rates-for-buy-in-maharashtra_india-P3mm15uxln8blpmn0,TRUE,Bootstrap/model-development record; not a raw registered transaction.
896,Maharashtra,Yavatmal,Yavatmal,Growth / Peripheral,Independent House,Fully Furnished,1650,3,3,2,3,4293,3891.76,6420000,2026-09-14,Housing.com Maharashtra property-rate benchmark,published_market_benchmark,https://housing.com/price-trends/property-rates-for-buy-in-maharashtra_india-P3mm15uxln8blpmn0,TRUE,Bootstrap/model-development record; not a raw registered transaction.
897,Maharashtra,Yavatmal,Yavatmal,Growth / Peripheral,Independent House,Fully Furnished,2300,4,4,5,2,4293,4364.88,10040000,2026-09-14,Housing.com Maharashtra property-rate benchmark,published_market_benchmark,https://housing.com/price-trends/property-rates-for-buy-in-maharashtra_india-P3mm15uxln8blpmn0,TRUE,Bootstrap/model-development record; not a raw registered transaction.
898,Maharashtra,Yavatmal,Yavatmal,Growth / Peripheral,Villa,Semi-Furnished,2200,3,3,3,4,4293,4659.46,10250000,2026-09-14,Housing.com Maharashtra property-rate benchmark,published_market_benchmark,https://housing.com/price-trends/property-rates-for-buy-in-maharashtra_india-P3mm15uxln8blpmn0,TRUE,Bootstrap/model-development record; not a raw registered transaction.
899,Maharashtra,Yavatmal,Yavatmal,Growth / Peripheral,Villa,Fully Furnished,3000,4,4,5,3,4293,4749.16,14250000,2026-09-14,Housing.com Maharashtra property-rate benchmark,published_market_benchmark,https://housing.com/price-trends/property-rates-for-buy-in-maharashtra_india-P3mm15uxln8blpmn0,TRUE,Bootstrap/model-development record; not a raw registered transaction.
900,Maharashtra,Yavatmal,Yavatmal,Growth / Peripheral,Villa,Fully Furnished,4200,5,5,10,2,4293,5113.17,21480000,2026-09-14,Housing.com Maharashtra property-rate benchmark,published_market_benchmark,https://housing.com/price-trends/property-rates-for-buy-in-maharashtra_india-P3mm15uxln8blpmn0,TRUE,Bootstrap/model-development record; not a raw registered transaction.
901,Maharashtra,Nagpur,Nagpur,Core / Established,Apartment,Unfurnished,550,1,1,2,10,5378,6462.11,3550000,2026-09-14,Housing.com Maharashtra property-rate benchmark,published_market_benchmark,https://housing.com/price-trends/property-rates-for-buy-in-maharashtra_india-P3mm15uxln8blpmn0,TRUE,Bootstrap/model-development record; not a raw registered transaction.
902,Maharashtra,Nagpur,Nagpur,Core / Established,Apartment,Semi-Furnished,900,2,2,15,13,5378,5567.78,5010000,2026-09-14,Housing.com Maharashtra property-rate benchmark,published_market_benchmark,https://housing.com/price-trends/property-rates-for-buy-in-maharashtra_india-P3mm15uxln8blpmn0,TRUE,Bootstrap/model-development record; not a raw registered transaction.
903,Maharashtra,Nagpur,Nagpur,Core / Established,Apartment,Fully Furnished,1350,3,3,12,5,5378,6207.74,8380000,2026-09-14,Housing.com Maharashtra property-rate benchmark,published_market_benchmark,https://housing.com/price-trends/property-rates-for-buy-in-maharashtra_india-P3mm15uxln8blpmn0,TRUE,Bootstrap/model-development record; not a raw registered transaction.
904,Maharashtra,Nagpur,Nagpur,Core / Established,Apartment,Fully Furnished,1800,4,4,7,10,5378,7314.77,13170000,2026-09-14,Housing.com Maharashtra property-rate benchmark,published_market_benchmark,https://housing.com/price-trends/property-rates-for-buy-in-maharashtra_india-P3mm15uxln8blpmn0,TRUE,Bootstrap/model-development record; not a raw registered transaction.
905,Maharashtra,Nagpur,Nagpur,Core / Established,Independent House,Semi-Furnished,1100,2,2,10,5,5378,5890.44,6480000,2026-09-14,Housing.com Maharashtra property-rate benchmark,published_market_benchmark,https://housing.com/price-trends/property-rates-for-buy-in-maharashtra_india-P3mm15uxln8blpmn0,TRUE,Bootstrap/model-development record; not a raw registered transaction.
906,Maharashtra,Nagpur,Nagpur,Core / Established,Independent House,Fully Furnished,1650,3,3,10,3,5378,6402.88,10560000,2026-09-14,Housing.com Maharashtra property-rate benchmark,published_market_benchmark,https://housing.com/price-trends/property-rates-for-buy-in-maharashtra_india-P3mm15uxln8blpmn0,TRUE,Bootstrap/model-development record; not a raw registered transaction.
907,Maharashtra,Nagpur,Nagpur,Core / Established,Independent House,Fully Furnished,2300,4,4,2,4,5378,7782.19,17900000,2026-09-14,Housing.com Maharashtra property-rate benchmark,published_market_benchmark,https://housing.com/price-trends/property-rates-for-buy-in-maharashtra_india-P3mm15uxln8blpmn0,TRUE,Bootstrap/model-development record; not a raw registered transaction.
908,Maharashtra,Nagpur,Nagpur,Core / Established,Villa,Semi-Furnished,2200,3,3,1,2,5378,7951.32,17490000,2026-09-14,Housing.com Maharashtra property-rate benchmark,published_market_benchmark,https://housing.com/price-trends/property-rates-for-buy-in-maharashtra_india-P3mm15uxln8blpmn0,TRUE,Bootstrap/model-development record; not a raw registered transaction.
909,Maharashtra,Nagpur,Nagpur,Core / Established,Villa,Fully Furnished,3000,4,4,10,3,5378,7882.67,23650000,2026-09-14,Housing.com Maharashtra property-rate benchmark,published_market_benchmark,https://housing.com/price-trends/property-rates-for-buy-in-maharashtra_india-P3mm15uxln8blpmn0,TRUE,Bootstrap/model-development record; not a raw registered transaction.
910,Maharashtra,Nagpur,Nagpur,Core / Established,Villa,Fully Furnished,4200,5,5,5,2,5378,9725.08,40850000,2026-09-14,Housing.com Maharashtra property-rate benchmark,published_market_benchmark,https://housing.com/price-trends/property-rates-for-buy-in-maharashtra_india-P3mm15uxln8blpmn0,TRUE,Bootstrap/model-development record; not a raw registered transaction.
911,Maharashtra,Nagpur,Nagpur,Main Residential,Apartment,Unfurnished,550,1,1,3,14,5378,5572.78,3070000,2026-09-14,Housing.com Maharashtra property-rate benchmark,published_market_benchmark,https://housing.com/price-trends/property-rates-for-buy-in-maharashtra_india-P3mm15uxln8blpmn0,TRUE,Bootstrap/model-development record; not a raw registered transaction.
912,Maharashtra,Nagpur,Nagpur,Main Residential,Apartment,Semi-Furnished,900,2,2,3,17,5378,5720.95,5150000,2026-09-14,Housing.com Maharashtra property-rate benchmark,published_market_benchmark,https://housing.com/price-trends/property-rates-for-buy-in-maharashtra_india-P3mm15uxln8blpmn0,TRUE,Bootstrap/model-development record; not a raw registered transaction.
913,Maharashtra,Nagpur,Nagpur,Main Residential,Apartment,Fully Furnished,1350,3,3,1,3,5378,5841.53,7890000,2026-09-14,Housing.com Maharashtra property-rate benchmark,published_market_benchmark,https://housing.com/price-trends/property-rates-for-buy-in-maharashtra_india-P3mm15uxln8blpmn0,TRUE,Bootstrap/model-development record; not a raw registered transaction.
914,Maharashtra,Nagpur,Nagpur,Main Residential,Apartment,Fully Furnished,1800,4,4,5,19,5378,6482.26,11670000,2026-09-14,Housing.com Maharashtra property-rate benchmark,published_market_benchmark,https://housing.com/price-trends/property-rates-for-buy-in-maharashtra_india-P3mm15uxln8blpmn0,TRUE,Bootstrap/model-development record; not a raw registered transaction.
915,Maharashtra,Nagpur,Nagpur,Main Residential,Independent House,Semi-Furnished,1100,2,2,10,5,5378,5193.59,5710000,2026-09-14,Housing.com Maharashtra property-rate benchmark,published_market_benchmark,https://housing.com/price-trends/property-rates-for-buy-in-maharashtra_india-P3mm15uxln8blpmn0,TRUE,Bootstrap/model-development record; not a raw registered transaction.
916,Maharashtra,Nagpur,Nagpur,Main Residential,Independent House,Fully Furnished,1650,3,3,12,4,5378,5315.73,8770000,2026-09-14,Housing.com Maharashtra property-rate benchmark,published_market_benchmark,https://housing.com/price-trends/property-rates-for-buy-in-maharashtra_india-P3mm15uxln8blpmn0,TRUE,Bootstrap/model-development record; not a raw registered transaction.
917,Maharashtra,Nagpur,Nagpur,Main Residential,Independent House,Fully Furnished,2300,4,4,3,2,5378,6413.69,14750000,2026-09-14,Housing.com Maharashtra property-rate benchmark,published_market_benchmark,https://housing.com/price-trends/property-rates-for-buy-in-maharashtra_india-P3mm15uxln8blpmn0,TRUE,Bootstrap/model-development record; not a raw registered transaction.
918,Maharashtra,Nagpur,Nagpur,Main Residential,Villa,Semi-Furnished,2200,3,3,3,4,5378,6949.67,15290000,2026-09-14,Housing.com Maharashtra property-rate benchmark,published_market_benchmark,https://housing.com/price-trends/property-rates-for-buy-in-maharashtra_india-P3mm15uxln8blpmn0,TRUE,Bootstrap/model-development record; not a raw registered transaction.
919,Maharashtra,Nagpur,Nagpur,Main Residential,Villa,Fully Furnished,3000,4,4,7,5,5378,6912.58,20740000,2026-09-14,Housing.com Maharashtra property-rate benchmark,published_market_benchmark,https://housing.com/price-trends/property-rates-for-buy-in-maharashtra_india-P3mm15uxln8blpmn0,TRUE,Bootstrap/model-development record; not a raw registered transaction.
920,Maharashtra,Nagpur,Nagpur,Main Residential,Villa,Fully Furnished,4200,5,5,2,1,5378,8532.09,35830000,2026-09-14,Housing.com Maharashtra property-rate benchmark,published_market_benchmark,https://housing.com/price-trends/property-rates-for-buy-in-maharashtra_india-P3mm15uxln8blpmn0,TRUE,Bootstrap/model-development record; not a raw registered transaction.
921,Maharashtra,Nagpur,Nagpur,Growth / Peripheral,Apartment,Unfurnished,550,1,1,12,18,5378,4151.64,2280000,2026-09-14,Housing.com Maharashtra property-rate benchmark,published_market_benchmark,https://housing.com/price-trends/property-rates-for-buy-in-maharashtra_india-P3mm15uxln8blpmn0,TRUE,Bootstrap/model-development record; not a raw registered transaction.
922,Maharashtra,Nagpur,Nagpur,Growth / Peripheral,Apartment,Semi-Furnished,900,2,2,15,12,5378,4099.17,3690000,2026-09-14,Housing.com Maharashtra property-rate benchmark,published_market_benchmark,https://housing.com/price-trends/property-rates-for-buy-in-maharashtra_india-P3mm15uxln8blpmn0,TRUE,Bootstrap/model-development record; not a raw registered transaction.
923,Maharashtra,Nagpur,Nagpur,Growth / Peripheral,Apartment,Fully Furnished,1350,3,3,2,14,5378,5332.4,7200000,2026-09-14,Housing.com Maharashtra property-rate benchmark,published_market_benchmark,https://housing.com/price-trends/property-rates-for-buy-in-maharashtra_india-P3mm15uxln8blpmn0,TRUE,Bootstrap/model-development record; not a raw registered transaction.
924,Maharashtra,Nagpur,Nagpur,Growth / Peripheral,Apartment,Fully Furnished,1800,4,4,5,13,5378,5217.58,9390000,2026-09-14,Housing.com Maharashtra property-rate benchmark,published_market_benchmark,https://housing.com/price-trends/property-rates-for-buy-in-maharashtra_india-P3mm15uxln8blpmn0,TRUE,Bootstrap/model-development record; not a raw registered transaction.
925,Maharashtra,Nagpur,Nagpur,Growth / Peripheral,Independent House,Semi-Furnished,1100,2,2,3,2,5378,4659.15,5130000,2026-09-14,Housing.com Maharashtra property-rate benchmark,published_market_benchmark,https://housing.com/price-trends/property-rates-for-buy-in-maharashtra_india-P3mm15uxln8blpmn0,TRUE,Bootstrap/model-development record; not a raw registered transaction.
926,Maharashtra,Nagpur,Nagpur,Growth / Peripheral,Independent House,Fully Furnished,1650,3,3,3,4,5378,5119.25,8450000,2026-09-14,Housing.com Maharashtra property-rate benchmark,published_market_benchmark,https://housing.com/price-trends/property-rates-for-buy-in-maharashtra_india-P3mm15uxln8blpmn0,TRUE,Bootstrap/model-development record; not a raw registered transaction.
927,Maharashtra,Nagpur,Nagpur,Growth / Peripheral,Independent House,Fully Furnished,2300,4,4,1,2,5378,5515.88,12690000,2026-09-14,Housing.com Maharashtra property-rate benchmark,published_market_benchmark,https://housing.com/price-trends/property-rates-for-buy-in-maharashtra_india-P3mm15uxln8blpmn0,TRUE,Bootstrap/model-development record; not a raw registered transaction.
928,Maharashtra,Nagpur,Nagpur,Growth / Peripheral,Villa,Semi-Furnished,2200,3,3,2,3,5378,5763.93,12680000,2026-09-14,Housing.com Maharashtra property-rate benchmark,published_market_benchmark,https://housing.com/price-trends/property-rates-for-buy-in-maharashtra_india-P3mm15uxln8blpmn0,TRUE,Bootstrap/model-development record; not a raw registered transaction.
929,Maharashtra,Nagpur,Nagpur,Growth / Peripheral,Villa,Fully Furnished,3000,4,4,12,5,5378,5705.2,17120000,2026-09-14,Housing.com Maharashtra property-rate benchmark,published_market_benchmark,https://housing.com/price-trends/property-rates-for-buy-in-maharashtra_india-P3mm15uxln8blpmn0,TRUE,Bootstrap/model-development record; not a raw registered transaction.
930,Maharashtra,Nagpur,Nagpur,Growth / Peripheral,Villa,Fully Furnished,4200,5,5,3,3,5378,6658.17,27960000,2026-09-14,Housing.com Maharashtra property-rate benchmark,published_market_benchmark,https://housing.com/price-trends/property-rates-for-buy-in-maharashtra_india-P3mm15uxln8blpmn0,TRUE,Bootstrap/model-development record; not a raw registered transaction.
931,Maharashtra,Wardha,Wardha,Core / Established,Apartment,Unfurnished,550,1,1,12,5,4529,4768.94,2620000,2026-09-14,Housing.com Maharashtra property-rate benchmark,published_market_benchmark,https://housing.com/price-trends/property-rates-for-buy-in-maharashtra_india-P3mm15uxln8blpmn0,TRUE,Bootstrap/model-development record; not a raw registered transaction.
932,Maharashtra,Wardha,Wardha,Core / Established,Apartment,Semi-Furnished,900,2,2,3,10,4529,5551.17,5000000,2026-09-14,Housing.com Maharashtra property-rate benchmark,published_market_benchmark,https://housing.com/price-trends/property-rates-for-buy-in-maharashtra_india-P3mm15uxln8blpmn0,TRUE,Bootstrap/model-development record; not a raw registered transaction.
933,Maharashtra,Wardha,Wardha,Core / Established,Apartment,Fully Furnished,1350,3,3,10,18,4529,5643.58,7620000,2026-09-14,Housing.com Maharashtra property-rate benchmark,published_market_benchmark,https://housing.com/price-trends/property-rates-for-buy-in-maharashtra_india-P3mm15uxln8blpmn0,TRUE,Bootstrap/model-development record; not a raw registered transaction.
934,Maharashtra,Wardha,Wardha,Core / Established,Apartment,Fully Furnished,1800,4,4,3,18,4529,6277.96,11300000,2026-09-14,Housing.com Maharashtra property-rate benchmark,published_market_benchmark,https://housing.com/price-trends/property-rates-for-buy-in-maharashtra_india-P3mm15uxln8blpmn0,TRUE,Bootstrap/model-development record; not a raw registered transaction.
935,Maharashtra,Wardha,Wardha,Core / Established,Independent House,Semi-Furnished,1100,2,2,1,4,4529,5530.18,6080000,2026-09-14,Housing.com Maharashtra property-rate benchmark,published_market_benchmark,https://housing.com/price-trends/property-rates-for-buy-in-maharashtra_india-P3mm15uxln8blpmn0,TRUE,Bootstrap/model-development record; not a raw registered transaction.
936,Maharashtra,Wardha,Wardha,Core / Established,Independent House,Fully Furnished,1650,3,3,10,4,4529,5509.4,9090000,2026-09-14,Housing.com Maharashtra property-rate benchmark,published_market_benchmark,https://housing.com/price-trends/property-rates-for-buy-in-maharashtra_india-P3mm15uxln8blpmn0,TRUE,Bootstrap/model-development record; not a raw registered transaction.
937,Maharashtra,Wardha,Wardha,Core / Established,Independent House,Fully Furnished,2300,4,4,12,2,4529,5649.84,12990000,2026-09-14,Housing.com Maharashtra property-rate benchmark,published_market_benchmark,https://housing.com/price-trends/property-rates-for-buy-in-maharashtra_india-P3mm15uxln8blpmn0,TRUE,Bootstrap/model-development record; not a raw registered transaction.
938,Maharashtra,Wardha,Wardha,Core / Established,Villa,Semi-Furnished,2200,3,3,5,5,4529,6462.25,14220000,2026-09-14,Housing.com Maharashtra property-rate benchmark,published_market_benchmark,https://housing.com/price-trends/property-rates-for-buy-in-maharashtra_india-P3mm15uxln8blpmn0,TRUE,Bootstrap/model-development record; not a raw registered transaction.
939,Maharashtra,Wardha,Wardha,Core / Established,Villa,Fully Furnished,3000,4,4,12,1,4529,6465.79,19400000,2026-09-14,Housing.com Maharashtra property-rate benchmark,published_market_benchmark,https://housing.com/price-trends/property-rates-for-buy-in-maharashtra_india-P3mm15uxln8blpmn0,TRUE,Bootstrap/model-development record; not a raw registered transaction.
940,Maharashtra,Wardha,Wardha,Core / Established,Villa,Fully Furnished,4200,5,5,5,4,4529,7882.99,33110000,2026-09-14,Housing.com Maharashtra property-rate benchmark,published_market_benchmark,https://housing.com/price-trends/property-rates-for-buy-in-maharashtra_india-P3mm15uxln8blpmn0,TRUE,Bootstrap/model-development record; not a raw registered transaction.
941,Maharashtra,Wardha,Wardha,Main Residential,Apartment,Unfurnished,550,1,1,1,9,4529,4560.42,2510000,2026-09-14,Housing.com Maharashtra property-rate benchmark,published_market_benchmark,https://housing.com/price-trends/property-rates-for-buy-in-maharashtra_india-P3mm15uxln8blpmn0,TRUE,Bootstrap/model-development record; not a raw registered transaction.
942,Maharashtra,Wardha,Wardha,Main Residential,Apartment,Semi-Furnished,900,2,2,1,11,4529,5042.99,4540000,2026-09-14,Housing.com Maharashtra property-rate benchmark,published_market_benchmark,https://housing.com/price-trends/property-rates-for-buy-in-maharashtra_india-P3mm15uxln8blpmn0,TRUE,Bootstrap/model-development record; not a raw registered transaction.
943,Maharashtra,Wardha,Wardha,Main Residential,Apartment,Fully Furnished,1350,3,3,1,18,4529,5405.35,7300000,2026-09-14,Housing.com Maharashtra property-rate benchmark,published_market_benchmark,https://housing.com/price-trends/property-rates-for-buy-in-maharashtra_india-P3mm15uxln8blpmn0,TRUE,Bootstrap/model-development record; not a raw registered transaction.
944,Maharashtra,Wardha,Wardha,Main Residential,Apartment,Fully Furnished,1800,4,4,10,10,4529,4789.94,8620000,2026-09-14,Housing.com Maharashtra property-rate benchmark,published_market_benchmark,https://housing.com/price-trends/property-rates-for-buy-in-maharashtra_india-P3mm15uxln8blpmn0,TRUE,Bootstrap/model-development record; not a raw registered transaction.
945,Maharashtra,Wardha,Wardha,Main Residential,Independent House,Semi-Furnished,1100,2,2,2,1,4529,4650.1,5120000,2026-09-14,Housing.com Maharashtra property-rate benchmark,published_market_benchmark,https://housing.com/price-trends/property-rates-for-buy-in-maharashtra_india-P3mm15uxln8blpmn0,TRUE,Bootstrap/model-development record; not a raw registered transaction.
946,Maharashtra,Wardha,Wardha,Main Residential,Independent House,Fully Furnished,1650,3,3,12,5,4529,4455.63,7350000,2026-09-14,Housing.com Maharashtra property-rate benchmark,published_market_benchmark,https://housing.com/price-trends/property-rates-for-buy-in-maharashtra_india-P3mm15uxln8blpmn0,TRUE,Bootstrap/model-development record; not a raw registered transaction.
947,Maharashtra,Wardha,Wardha,Main Residential,Independent House,Fully Furnished,2300,4,4,7,4,4529,5149.16,11840000,2026-09-14,Housing.com Maharashtra property-rate benchmark,published_market_benchmark,https://housing.com/price-trends/property-rates-for-buy-in-maharashtra_india-P3mm15uxln8blpmn0,TRUE,Bootstrap/model-development record; not a raw registered transaction.
948,Maharashtra,Wardha,Wardha,Main Residential,Villa,Semi-Furnished,2200,3,3,10,2,4529,5378.45,11830000,2026-09-14,Housing.com Maharashtra property-rate benchmark,published_market_benchmark,https://housing.com/price-trends/property-rates-for-buy-in-maharashtra_india-P3mm15uxln8blpmn0,TRUE,Bootstrap/model-development record; not a raw registered transaction.
949,Maharashtra,Wardha,Wardha,Main Residential,Villa,Fully Furnished,3000,4,4,1,1,4529,6405.3,19220000,2026-09-14,Housing.com Maharashtra property-rate benchmark,published_market_benchmark,https://housing.com/price-trends/property-rates-for-buy-in-maharashtra_india-P3mm15uxln8blpmn0,TRUE,Bootstrap/model-development record; not a raw registered transaction.
950,Maharashtra,Wardha,Wardha,Main Residential,Villa,Fully Furnished,4200,5,5,7,1,4529,6789.57,28520000,2026-09-14,Housing.com Maharashtra property-rate benchmark,published_market_benchmark,https://housing.com/price-trends/property-rates-for-buy-in-maharashtra_india-P3mm15uxln8blpmn0,TRUE,Bootstrap/model-development record; not a raw registered transaction.
951,Maharashtra,Wardha,Wardha,Growth / Peripheral,Apartment,Unfurnished,550,1,1,3,8,4529,3711.78,2040000,2026-09-14,Housing.com Maharashtra property-rate benchmark,published_market_benchmark,https://housing.com/price-trends/property-rates-for-buy-in-maharashtra_india-P3mm15uxln8blpmn0,TRUE,Bootstrap/model-development record; not a raw registered transaction.
952,Maharashtra,Wardha,Wardha,Growth / Peripheral,Apartment,Semi-Furnished,900,2,2,12,19,4529,3599.72,3240000,2026-09-14,Housing.com Maharashtra property-rate benchmark,published_market_benchmark,https://housing.com/price-trends/property-rates-for-buy-in-maharashtra_india-P3mm15uxln8blpmn0,TRUE,Bootstrap/model-development record; not a raw registered transaction.
953,Maharashtra,Wardha,Wardha,Growth / Peripheral,Apartment,Fully Furnished,1350,3,3,5,19,4529,4323.69,5840000,2026-09-14,Housing.com Maharashtra property-rate benchmark,published_market_benchmark,https://housing.com/price-trends/property-rates-for-buy-in-maharashtra_india-P3mm15uxln8blpmn0,TRUE,Bootstrap/model-development record; not a raw registered transaction.
954,Maharashtra,Wardha,Wardha,Growth / Peripheral,Apartment,Fully Furnished,1800,4,4,3,3,4529,4418.73,7950000,2026-09-14,Housing.com Maharashtra property-rate benchmark,published_market_benchmark,https://housing.com/price-trends/property-rates-for-buy-in-maharashtra_india-P3mm15uxln8blpmn0,TRUE,Bootstrap/model-development record; not a raw registered transaction.
955,Maharashtra,Wardha,Wardha,Growth / Peripheral,Independent House,Semi-Furnished,1100,2,2,3,4,4529,3791.81,4170000,2026-09-14,Housing.com Maharashtra property-rate benchmark,published_market_benchmark,https://housing.com/price-trends/property-rates-for-buy-in-maharashtra_india-P3mm15uxln8blpmn0,TRUE,Bootstrap/model-development record; not a raw registered transaction.
956,Maharashtra,Wardha,Wardha,Growth / Peripheral,Independent House,Fully Furnished,1650,3,3,15,1,4529,3517.32,5800000,2026-09-14,Housing.com Maharashtra property-rate benchmark,published_market_benchmark,https://housing.com/price-trends/property-rates-for-buy-in-maharashtra_india-P3mm15uxln8blpmn0,TRUE,Bootstrap/model-development record; not a raw registered transaction.
957,Maharashtra,Wardha,Wardha,Growth / Peripheral,Independent House,Fully Furnished,2300,4,4,3,1,4529,4655.53,10710000,2026-09-14,Housing.com Maharashtra property-rate benchmark,published_market_benchmark,https://housing.com/price-trends/property-rates-for-buy-in-maharashtra_india-P3mm15uxln8blpmn0,TRUE,Bootstrap/model-development record; not a raw registered transaction.
958,Maharashtra,Wardha,Wardha,Growth / Peripheral,Villa,Semi-Furnished,2200,3,3,7,2,4529,4643.03,10210000,2026-09-14,Housing.com Maharashtra property-rate benchmark,published_market_benchmark,https://housing.com/price-trends/property-rates-for-buy-in-maharashtra_india-P3mm15uxln8blpmn0,TRUE,Bootstrap/model-development record; not a raw registered transaction.
959,Maharashtra,Wardha,Wardha,Growth / Peripheral,Villa,Fully Furnished,3000,4,4,5,3,4529,5194.01,15580000,2026-09-14,Housing.com Maharashtra property-rate benchmark,published_market_benchmark,https://housing.com/price-trends/property-rates-for-buy-in-maharashtra_india-P3mm15uxln8blpmn0,TRUE,Bootstrap/model-development record; not a raw registered transaction.
960,Maharashtra,Wardha,Wardha,Growth / Peripheral,Villa,Fully Furnished,4200,5,5,2,5,4529,5956.2,25020000,2026-09-14,Housing.com Maharashtra property-rate benchmark,published_market_benchmark,https://housing.com/price-trends/property-rates-for-buy-in-maharashtra_india-P3mm15uxln8blpmn0,TRUE,Bootstrap/model-development record; not a raw registered transaction.
961,Maharashtra,Bhandara,Bhandara,Core / Established,Apartment,Unfurnished,550,1,1,2,20,2800,3439.38,1890000,2026-09-14,Regional bootstrap estimate anchored to Maharashtra market benchmarks,derived_estimate,,TRUE,Bootstrap/model-development record; not a raw registered transaction.
962,Maharashtra,Bhandara,Bhandara,Core / Established,Apartment,Semi-Furnished,900,2,2,15,7,2800,2957.72,2660000,2026-09-14,Regional bootstrap estimate anchored to Maharashtra market benchmarks,derived_estimate,,TRUE,Bootstrap/model-development record; not a raw registered transaction.
963,Maharashtra,Bhandara,Bhandara,Core / Established,Apartment,Fully Furnished,1350,3,3,2,16,2800,3731.69,5040000,2026-09-14,Regional bootstrap estimate anchored to Maharashtra market benchmarks,derived_estimate,,TRUE,Bootstrap/model-development record; not a raw registered transaction.
964,Maharashtra,Bhandara,Bhandara,Core / Established,Apartment,Fully Furnished,1800,4,4,2,11,2800,3898.45,7020000,2026-09-14,Regional bootstrap estimate anchored to Maharashtra market benchmarks,derived_estimate,,TRUE,Bootstrap/model-development record; not a raw registered transaction.
965,Maharashtra,Bhandara,Bhandara,Core / Established,Independent House,Semi-Furnished,1100,2,2,1,4,2800,3537.69,3890000,2026-09-14,Regional bootstrap estimate anchored to Maharashtra market benchmarks,derived_estimate,,TRUE,Bootstrap/model-development record; not a raw registered transaction.
966,Maharashtra,Bhandara,Bhandara,Core / Established,Independent House,Fully Furnished,1650,3,3,7,1,2800,3402.56,5610000,2026-09-14,Regional bootstrap estimate anchored to Maharashtra market benchmarks,derived_estimate,,TRUE,Bootstrap/model-development record; not a raw registered transaction.
967,Maharashtra,Bhandara,Bhandara,Core / Established,Independent House,Fully Furnished,2300,4,4,1,2,2800,3965.56,9120000,2026-09-14,Regional bootstrap estimate anchored to Maharashtra market benchmarks,derived_estimate,,TRUE,Bootstrap/model-development record; not a raw registered transaction.
968,Maharashtra,Bhandara,Bhandara,Core / Established,Villa,Semi-Furnished,2200,3,3,10,4,2800,3775.3,8310000,2026-09-14,Regional bootstrap estimate anchored to Maharashtra market benchmarks,derived_estimate,,TRUE,Bootstrap/model-development record; not a raw registered transaction.
969,Maharashtra,Bhandara,Bhandara,Core / Established,Villa,Fully Furnished,3000,4,4,2,3,2800,4476.37,13430000,2026-09-14,Regional bootstrap estimate anchored to Maharashtra market benchmarks,derived_estimate,,TRUE,Bootstrap/model-development record; not a raw registered transaction.
970,Maharashtra,Bhandara,Bhandara,Core / Established,Villa,Fully Furnished,4200,5,5,10,4,2800,4620.36,19410000,2026-09-14,Regional bootstrap estimate anchored to Maharashtra market benchmarks,derived_estimate,,TRUE,Bootstrap/model-development record; not a raw registered transaction.
971,Maharashtra,Bhandara,Bhandara,Main Residential,Apartment,Unfurnished,550,1,1,1,4,2800,2817.77,1550000,2026-09-14,Regional bootstrap estimate anchored to Maharashtra market benchmarks,derived_estimate,,TRUE,Bootstrap/model-development record; not a raw registered transaction.
972,Maharashtra,Bhandara,Bhandara,Main Residential,Apartment,Semi-Furnished,900,2,2,2,2,2800,2840.06,2560000,2026-09-14,Regional bootstrap estimate anchored to Maharashtra market benchmarks,derived_estimate,,TRUE,Bootstrap/model-development record; not a raw registered transaction.
973,Maharashtra,Bhandara,Bhandara,Main Residential,Apartment,Fully Furnished,1350,3,3,1,18,2800,3195.0,4310000,2026-09-14,Regional bootstrap estimate anchored to Maharashtra market benchmarks,derived_estimate,,TRUE,Bootstrap/model-development record; not a raw registered transaction.
974,Maharashtra,Bhandara,Bhandara,Main Residential,Apartment,Fully Furnished,1800,4,4,3,16,2800,3451.47,6210000,2026-09-14,Regional bootstrap estimate anchored to Maharashtra market benchmarks,derived_estimate,,TRUE,Bootstrap/model-development record; not a raw registered transaction.
975,Maharashtra,Bhandara,Bhandara,Main Residential,Independent House,Semi-Furnished,1100,2,2,15,4,2800,2505.66,2760000,2026-09-14,Regional bootstrap estimate anchored to Maharashtra market benchmarks,derived_estimate,,TRUE,Bootstrap/model-development record; not a raw registered transaction.
976,Maharashtra,Bhandara,Bhandara,Main Residential,Independent House,Fully Furnished,1650,3,3,7,3,2800,2960.57,4880000,2026-09-14,Regional bootstrap estimate anchored to Maharashtra market benchmarks,derived_estimate,,TRUE,Bootstrap/model-development record; not a raw registered transaction.
977,Maharashtra,Bhandara,Bhandara,Main Residential,Independent House,Fully Furnished,2300,4,4,1,3,2800,3457.51,7950000,2026-09-14,Regional bootstrap estimate anchored to Maharashtra market benchmarks,derived_estimate,,TRUE,Bootstrap/model-development record; not a raw registered transaction.
978,Maharashtra,Bhandara,Bhandara,Main Residential,Villa,Semi-Furnished,2200,3,3,1,1,2800,3740.26,8230000,2026-09-14,Regional bootstrap estimate anchored to Maharashtra market benchmarks,derived_estimate,,TRUE,Bootstrap/model-development record; not a raw registered transaction.
979,Maharashtra,Bhandara,Bhandara,Main Residential,Villa,Fully Furnished,3000,4,4,1,1,2800,4106.39,12320000,2026-09-14,Regional bootstrap estimate anchored to Maharashtra market benchmarks,derived_estimate,,TRUE,Bootstrap/model-development record; not a raw registered transaction.
980,Maharashtra,Bhandara,Bhandara,Main Residential,Villa,Fully Furnished,4200,5,5,7,5,2800,4163.45,17490000,2026-09-14,Regional bootstrap estimate anchored to Maharashtra market benchmarks,derived_estimate,,TRUE,Bootstrap/model-development record; not a raw registered transaction.
981,Maharashtra,Bhandara,Bhandara,Growth / Peripheral,Apartment,Unfurnished,550,1,1,1,3,2800,2401.11,1320000,2026-09-14,Regional bootstrap estimate anchored to Maharashtra market benchmarks,derived_estimate,,TRUE,Bootstrap/model-development record; not a raw registered transaction.
982,Maharashtra,Bhandara,Bhandara,Growth / Peripheral,Apartment,Semi-Furnished,900,2,2,10,3,2800,2273.3,2050000,2026-09-14,Regional bootstrap estimate anchored to Maharashtra market benchmarks,derived_estimate,,TRUE,Bootstrap/model-development record; not a raw registered transaction.
983,Maharashtra,Bhandara,Bhandara,Growth / Peripheral,Apartment,Fully Furnished,1350,3,3,12,5,2800,2262.08,3050000,2026-09-14,Regional bootstrap estimate anchored to Maharashtra market benchmarks,derived_estimate,,TRUE,Bootstrap/model-development record; not a raw registered transaction.
984,Maharashtra,Bhandara,Bhandara,Growth / Peripheral,Apartment,Fully Furnished,1800,4,4,1,5,2800,2670.17,4810000,2026-09-14,Regional bootstrap estimate anchored to Maharashtra market benchmarks,derived_estimate,,TRUE,Bootstrap/model-development record; not a raw registered transaction.
985,Maharashtra,Bhandara,Bhandara,Growth / Peripheral,Independent House,Semi-Furnished,1100,2,2,15,5,2800,2089.63,2300000,2026-09-14,Regional bootstrap estimate anchored to Maharashtra market benchmarks,derived_estimate,,TRUE,Bootstrap/model-development record; not a raw registered transaction.
986,Maharashtra,Bhandara,Bhandara,Growth / Peripheral,Independent House,Fully Furnished,1650,3,3,5,2,2800,2499.13,4120000,2026-09-14,Regional bootstrap estimate anchored to Maharashtra market benchmarks,derived_estimate,,TRUE,Bootstrap/model-development record; not a raw registered transaction.
987,Maharashtra,Bhandara,Bhandara,Growth / Peripheral,Independent House,Fully Furnished,2300,4,4,7,1,2800,2710.22,6230000,2026-09-14,Regional bootstrap estimate anchored to Maharashtra market benchmarks,derived_estimate,,TRUE,Bootstrap/model-development record; not a raw registered transaction.
988,Maharashtra,Bhandara,Bhandara,Growth / Peripheral,Villa,Semi-Furnished,2200,3,3,10,4,2800,2722.37,5990000,2026-09-14,Regional bootstrap estimate anchored to Maharashtra market benchmarks,derived_estimate,,TRUE,Bootstrap/model-development record; not a raw registered transaction.
989,Maharashtra,Bhandara,Bhandara,Growth / Peripheral,Villa,Fully Furnished,3000,4,4,12,1,2800,2897.04,8690000,2026-09-14,Regional bootstrap estimate anchored to Maharashtra market benchmarks,derived_estimate,,TRUE,Bootstrap/model-development record; not a raw registered transaction.
990,Maharashtra,Bhandara,Bhandara,Growth / Peripheral,Villa,Fully Furnished,4200,5,5,3,2,2800,3728.89,15660000,2026-09-14,Regional bootstrap estimate anchored to Maharashtra market benchmarks,derived_estimate,,TRUE,Bootstrap/model-development record; not a raw registered transaction.
991,Maharashtra,Gondia,Gondia,Core / Established,Apartment,Unfurnished,550,1,1,2,20,2800,3503.61,1930000,2026-09-14,Regional bootstrap estimate anchored to Maharashtra market benchmarks,derived_estimate,,TRUE,Bootstrap/model-development record; not a raw registered transaction.
992,Maharashtra,Gondia,Gondia,Core / Established,Apartment,Semi-Furnished,900,2,2,5,3,2800,3205.4,2880000,2026-09-14,Regional bootstrap estimate anchored to Maharashtra market benchmarks,derived_estimate,,TRUE,Bootstrap/model-development record; not a raw registered transaction.
993,Maharashtra,Gondia,Gondia,Core / Established,Apartment,Fully Furnished,1350,3,3,5,19,2800,3724.4,5030000,2026-09-14,Regional bootstrap estimate anchored to Maharashtra market benchmarks,derived_estimate,,TRUE,Bootstrap/model-development record; not a raw registered transaction.
994,Maharashtra,Gondia,Gondia,Core / Established,Apartment,Fully Furnished,1800,4,4,2,13,2800,3831.8,6900000,2026-09-14,Regional bootstrap estimate anchored to Maharashtra market benchmarks,derived_estimate,,TRUE,Bootstrap/model-development record; not a raw registered transaction.
995,Maharashtra,Gondia,Gondia,Core / Established,Independent House,Semi-Furnished,1100,2,2,1,2,2800,3458.47,3800000,2026-09-14,Regional bootstrap estimate anchored to Maharashtra market benchmarks,derived_estimate,,TRUE,Bootstrap/model-development record; not a raw registered transaction.
996,Maharashtra,Gondia,Gondia,Core / Established,Independent House,Fully Furnished,1650,3,3,2,1,2800,3694.71,6100000,2026-09-14,Regional bootstrap estimate anchored to Maharashtra market benchmarks,derived_estimate,,TRUE,Bootstrap/model-development record; not a raw registered transaction.
997,Maharashtra,Gondia,Gondia,Core / Established,Independent House,Fully Furnished,2300,4,4,5,1,2800,3869.25,8900000,2026-09-14,Regional bootstrap estimate anchored to Maharashtra market benchmarks,derived_estimate,,TRUE,Bootstrap/model-development record; not a raw registered transaction.
998,Maharashtra,Gondia,Gondia,Core / Established,Villa,Semi-Furnished,2200,3,3,10,4,2800,3868.24,8510000,2026-09-14,Regional bootstrap estimate anchored to Maharashtra market benchmarks,derived_estimate,,TRUE,Bootstrap/model-development record; not a raw registered transaction.
999,Maharashtra,Gondia,Gondia,Core / Established,Villa,Fully Furnished,3000,4,4,3,1,2800,4617.03,13850000,2026-09-14,Regional bootstrap estimate anchored to Maharashtra market benchmarks,derived_estimate,,TRUE,Bootstrap/model-development record; not a raw registered transaction.
1000,Maharashtra,Gondia,Gondia,Core / Established,Villa,Fully Furnished,4200,5,5,5,2,2800,4946.27,20770000,2026-09-14,Regional bootstrap estimate anchored to Maharashtra market benchmarks,derived_estimate,,TRUE,Bootstrap/model-development record; not a raw registered transaction.
1001,Maharashtra,Gondia,Gondia,Main Residential,Apartment,Unfurnished,550,1,1,7,3,2800,2622.22,1440000,2026-09-14,Regional bootstrap estimate anchored to Maharashtra market benchmarks,derived_estimate,,TRUE,Bootstrap/model-development record; not a raw registered transaction.
1002,Maharashtra,Gondia,Gondia,Main Residential,Apartment,Semi-Furnished,900,2,2,2,12,2800,3019.92,2720000,2026-09-14,Regional bootstrap estimate anchored to Maharashtra market benchmarks,derived_estimate,,TRUE,Bootstrap/model-development record; not a raw registered transaction.
1003,Maharashtra,Gondia,Gondia,Main Residential,Apartment,Fully Furnished,1350,3,3,2,4,2800,3203.41,4320000,2026-09-14,Regional bootstrap estimate anchored to Maharashtra market benchmarks,derived_estimate,,TRUE,Bootstrap/model-development record; not a raw registered transaction.
1004,Maharashtra,Gondia,Gondia,Main Residential,Apartment,Fully Furnished,1800,4,4,3,5,2800,3178.68,5720000,2026-09-14,Regional bootstrap estimate anchored to Maharashtra market benchmarks,derived_estimate,,TRUE,Bootstrap/model-development record; not a raw registered transaction.
1005,Maharashtra,Gondia,Gondia,Main Residential,Independent House,Semi-Furnished,1100,2,2,7,2,2800,2654.32,2920000,2026-09-14,Regional bootstrap estimate anchored to Maharashtra market benchmarks,derived_estimate,,TRUE,Bootstrap/model-development record; not a raw registered transaction.
1006,Maharashtra,Gondia,Gondia,Main Residential,Independent House,Fully Furnished,1650,3,3,12,3,2800,2845.56,4700000,2026-09-14,Regional bootstrap estimate anchored to Maharashtra market benchmarks,derived_estimate,,TRUE,Bootstrap/model-development record; not a raw registered transaction.
1007,Maharashtra,Gondia,Gondia,Main Residential,Independent House,Fully Furnished,2300,4,4,7,2,2800,3196.44,7350000,2026-09-14,Regional bootstrap estimate anchored to Maharashtra market benchmarks,derived_estimate,,TRUE,Bootstrap/model-development record; not a raw registered transaction.
1008,Maharashtra,Gondia,Gondia,Main Residential,Villa,Semi-Furnished,2200,3,3,5,1,2800,3457.28,7610000,2026-09-14,Regional bootstrap estimate anchored to Maharashtra market benchmarks,derived_estimate,,TRUE,Bootstrap/model-development record; not a raw registered transaction.
1009,Maharashtra,Gondia,Gondia,Main Residential,Villa,Fully Furnished,3000,4,4,10,4,2800,3650.85,10950000,2026-09-14,Regional bootstrap estimate anchored to Maharashtra market benchmarks,derived_estimate,,TRUE,Bootstrap/model-development record; not a raw registered transaction.
1010,Maharashtra,Gondia,Gondia,Main Residential,Villa,Fully Furnished,4200,5,5,10,2,2800,4014.94,16860000,2026-09-14,Regional bootstrap estimate anchored to Maharashtra market benchmarks,derived_estimate,,TRUE,Bootstrap/model-development record; not a raw registered transaction.
1011,Maharashtra,Gondia,Gondia,Growth / Peripheral,Apartment,Unfurnished,550,1,1,5,8,2800,2324.54,1280000,2026-09-14,Regional bootstrap estimate anchored to Maharashtra market benchmarks,derived_estimate,,TRUE,Bootstrap/model-development record; not a raw registered transaction.
1012,Maharashtra,Gondia,Gondia,Growth / Peripheral,Apartment,Semi-Furnished,900,2,2,7,11,2800,2397.47,2160000,2026-09-14,Regional bootstrap estimate anchored to Maharashtra market benchmarks,derived_estimate,,TRUE,Bootstrap/model-development record; not a raw registered transaction.
1013,Maharashtra,Gondia,Gondia,Growth / Peripheral,Apartment,Fully Furnished,1350,3,3,2,15,2800,2737.03,3690000,2026-09-14,Regional bootstrap estimate anchored to Maharashtra market benchmarks,derived_estimate,,TRUE,Bootstrap/model-development record; not a raw registered transaction.
1014,Maharashtra,Gondia,Gondia,Growth / Peripheral,Apartment,Fully Furnished,1800,4,4,2,4,2800,2749.75,4950000,2026-09-14,Regional bootstrap estimate anchored to Maharashtra market benchmarks,derived_estimate,,TRUE,Bootstrap/model-development record; not a raw registered transaction.
1015,Maharashtra,Gondia,Gondia,Growth / Peripheral,Independent House,Semi-Furnished,1100,2,2,3,1,2800,2425.05,2670000,2026-09-14,Regional bootstrap estimate anchored to Maharashtra market benchmarks,derived_estimate,,TRUE,Bootstrap/model-development record; not a raw registered transaction.
1016,Maharashtra,Gondia,Gondia,Growth / Peripheral,Independent House,Fully Furnished,1650,3,3,2,1,2800,2593.25,4280000,2026-09-14,Regional bootstrap estimate anchored to Maharashtra market benchmarks,derived_estimate,,TRUE,Bootstrap/model-development record; not a raw registered transaction.
1017,Maharashtra,Gondia,Gondia,Growth / Peripheral,Independent House,Fully Furnished,2300,4,4,3,3,2800,2842.89,6540000,2026-09-14,Regional bootstrap estimate anchored to Maharashtra market benchmarks,derived_estimate,,TRUE,Bootstrap/model-development record; not a raw registered transaction.
1018,Maharashtra,Gondia,Gondia,Growth / Peripheral,Villa,Semi-Furnished,2200,3,3,5,5,2800,2783.43,6120000,2026-09-14,Regional bootstrap estimate anchored to Maharashtra market benchmarks,derived_estimate,,TRUE,Bootstrap/model-development record; not a raw registered transaction.
1019,Maharashtra,Gondia,Gondia,Growth / Peripheral,Villa,Fully Furnished,3000,4,4,1,3,2800,3337.34,10010000,2026-09-14,Regional bootstrap estimate anchored to Maharashtra market benchmarks,derived_estimate,,TRUE,Bootstrap/model-development record; not a raw registered transaction.
1020,Maharashtra,Gondia,Gondia,Growth / Peripheral,Villa,Fully Furnished,4200,5,5,7,5,2800,3351.34,14080000,2026-09-14,Regional bootstrap estimate anchored to Maharashtra market benchmarks,derived_estimate,,TRUE,Bootstrap/model-development record; not a raw registered transaction.
1021,Maharashtra,Chandrapur,Chandrapur,Core / Established,Apartment,Unfurnished,550,1,1,15,12,3818,3736.42,2060000,2026-09-14,Housing.com Maharashtra property-rate benchmark,published_market_benchmark,https://housing.com/price-trends/property-rates-for-buy-in-maharashtra_india-P3mm15uxln8blpmn0,TRUE,Bootstrap/model-development record; not a raw registered transaction.
1022,Maharashtra,Chandrapur,Chandrapur,Core / Established,Apartment,Semi-Furnished,900,2,2,2,13,3818,5009.69,4510000,2026-09-14,Housing.com Maharashtra property-rate benchmark,published_market_benchmark,https://housing.com/price-trends/property-rates-for-buy-in-maharashtra_india-P3mm15uxln8blpmn0,TRUE,Bootstrap/model-development record; not a raw registered transaction.
1023,Maharashtra,Chandrapur,Chandrapur,Core / Established,Apartment,Fully Furnished,1350,3,3,7,18,3818,5048.94,6820000,2026-09-14,Housing.com Maharashtra property-rate benchmark,published_market_benchmark,https://housing.com/price-trends/property-rates-for-buy-in-maharashtra_india-P3mm15uxln8blpmn0,TRUE,Bootstrap/model-development record; not a raw registered transaction.
1024,Maharashtra,Chandrapur,Chandrapur,Core / Established,Apartment,Fully Furnished,1800,4,4,15,14,3818,4527.11,8150000,2026-09-14,Housing.com Maharashtra property-rate benchmark,published_market_benchmark,https://housing.com/price-trends/property-rates-for-buy-in-maharashtra_india-P3mm15uxln8blpmn0,TRUE,Bootstrap/model-development record; not a raw registered transaction.
1025,Maharashtra,Chandrapur,Chandrapur,Core / Established,Independent House,Semi-Furnished,1100,2,2,7,1,3818,4285.21,4710000,2026-09-14,Housing.com Maharashtra property-rate benchmark,published_market_benchmark,https://housing.com/price-trends/property-rates-for-buy-in-maharashtra_india-P3mm15uxln8blpmn0,TRUE,Bootstrap/model-development record; not a raw registered transaction.
1026,Maharashtra,Chandrapur,Chandrapur,Core / Established,Independent House,Fully Furnished,1650,3,3,7,1,3818,4840.61,7990000,2026-09-14,Housing.com Maharashtra property-rate benchmark,published_market_benchmark,https://housing.com/price-trends/property-rates-for-buy-in-maharashtra_india-P3mm15uxln8blpmn0,TRUE,Bootstrap/model-development record; not a raw registered transaction.
1027,Maharashtra,Chandrapur,Chandrapur,Core / Established,Independent House,Fully Furnished,2300,4,4,7,4,3818,4942.15,11370000,2026-09-14,Housing.com Maharashtra property-rate benchmark,published_market_benchmark,https://housing.com/price-trends/property-rates-for-buy-in-maharashtra_india-P3mm15uxln8blpmn0,TRUE,Bootstrap/model-development record; not a raw registered transaction.
1028,Maharashtra,Chandrapur,Chandrapur,Core / Established,Villa,Semi-Furnished,2200,3,3,1,4,3818,5797.68,12750000,2026-09-14,Housing.com Maharashtra property-rate benchmark,published_market_benchmark,https://housing.com/price-trends/property-rates-for-buy-in-maharashtra_india-P3mm15uxln8blpmn0,TRUE,Bootstrap/model-development record; not a raw registered transaction.
1029,Maharashtra,Chandrapur,Chandrapur,Core / Established,Villa,Fully Furnished,3000,4,4,15,4,3818,5293.04,15880000,2026-09-14,Housing.com Maharashtra property-rate benchmark,published_market_benchmark,https://housing.com/price-trends/property-rates-for-buy-in-maharashtra_india-P3mm15uxln8blpmn0,TRUE,Bootstrap/model-development record; not a raw registered transaction.
1030,Maharashtra,Chandrapur,Chandrapur,Core / Established,Villa,Fully Furnished,4200,5,5,7,1,3818,6378.42,26790000,2026-09-14,Housing.com Maharashtra property-rate benchmark,published_market_benchmark,https://housing.com/price-trends/property-rates-for-buy-in-maharashtra_india-P3mm15uxln8blpmn0,TRUE,Bootstrap/model-development record; not a raw registered transaction.
1031,Maharashtra,Chandrapur,Chandrapur,Main Residential,Apartment,Unfurnished,550,1,1,10,14,3818,3522.04,1940000,2026-09-14,Housing.com Maharashtra property-rate benchmark,published_market_benchmark,https://housing.com/price-trends/property-rates-for-buy-in-maharashtra_india-P3mm15uxln8blpmn0,TRUE,Bootstrap/model-development record; not a raw registered transaction.
1032,Maharashtra,Chandrapur,Chandrapur,Main Residential,Apartment,Semi-Furnished,900,2,2,7,15,3818,3828.77,3450000,2026-09-14,Housing.com Maharashtra property-rate benchmark,published_market_benchmark,https://housing.com/price-trends/property-rates-for-buy-in-maharashtra_india-P3mm15uxln8blpmn0,TRUE,Bootstrap/model-development record; not a raw registered transaction.
1033,Maharashtra,Chandrapur,Chandrapur,Main Residential,Apartment,Fully Furnished,1350,3,3,10,16,3818,3993.26,5390000,2026-09-14,Housing.com Maharashtra property-rate benchmark,published_market_benchmark,https://housing.com/price-trends/property-rates-for-buy-in-maharashtra_india-P3mm15uxln8blpmn0,TRUE,Bootstrap/model-development record; not a raw registered transaction.
1034,Maharashtra,Chandrapur,Chandrapur,Main Residential,Apartment,Fully Furnished,1800,4,4,7,7,3818,4168.85,7500000,2026-09-14,Housing.com Maharashtra property-rate benchmark,published_market_benchmark,https://housing.com/price-trends/property-rates-for-buy-in-maharashtra_india-P3mm15uxln8blpmn0,TRUE,Bootstrap/model-development record; not a raw registered transaction.
1035,Maharashtra,Chandrapur,Chandrapur,Main Residential,Independent House,Semi-Furnished,1100,2,2,7,1,3818,3728.85,4100000,2026-09-14,Housing.com Maharashtra property-rate benchmark,published_market_benchmark,https://housing.com/price-trends/property-rates-for-buy-in-maharashtra_india-P3mm15uxln8blpmn0,TRUE,Bootstrap/model-development record; not a raw registered transaction.
1036,Maharashtra,Chandrapur,Chandrapur,Main Residential,Independent House,Fully Furnished,1650,3,3,5,2,3818,4091.16,6750000,2026-09-14,Housing.com Maharashtra property-rate benchmark,published_market_benchmark,https://housing.com/price-trends/property-rates-for-buy-in-maharashtra_india-P3mm15uxln8blpmn0,TRUE,Bootstrap/model-development record; not a raw registered transaction.
1037,Maharashtra,Chandrapur,Chandrapur,Main Residential,Independent House,Fully Furnished,2300,4,4,15,5,3818,3890.99,8950000,2026-09-14,Housing.com Maharashtra property-rate benchmark,published_market_benchmark,https://housing.com/price-trends/property-rates-for-buy-in-maharashtra_india-P3mm15uxln8blpmn0,TRUE,Bootstrap/model-development record; not a raw registered transaction.
1038,Maharashtra,Chandrapur,Chandrapur,Main Residential,Villa,Semi-Furnished,2200,3,3,15,1,3818,4251.18,9350000,2026-09-14,Housing.com Maharashtra property-rate benchmark,published_market_benchmark,https://housing.com/price-trends/property-rates-for-buy-in-maharashtra_india-P3mm15uxln8blpmn0,TRUE,Bootstrap/model-development record; not a raw registered transaction.
1039,Maharashtra,Chandrapur,Chandrapur,Main Residential,Villa,Fully Furnished,3000,4,4,12,1,3818,4623.29,13870000,2026-09-14,Housing.com Maharashtra property-rate benchmark,published_market_benchmark,https://housing.com/price-trends/property-rates-for-buy-in-maharashtra_india-P3mm15uxln8blpmn0,TRUE,Bootstrap/model-development record; not a raw registered transaction.
1040,Maharashtra,Chandrapur,Chandrapur,Main Residential,Villa,Fully Furnished,4200,5,5,12,5,3818,5378.03,22590000,2026-09-14,Housing.com Maharashtra property-rate benchmark,published_market_benchmark,https://housing.com/price-trends/property-rates-for-buy-in-maharashtra_india-P3mm15uxln8blpmn0,TRUE,Bootstrap/model-development record; not a raw registered transaction.
1041,Maharashtra,Chandrapur,Chandrapur,Growth / Peripheral,Apartment,Unfurnished,550,1,1,2,13,3818,3368.82,1850000,2026-09-14,Housing.com Maharashtra property-rate benchmark,published_market_benchmark,https://housing.com/price-trends/property-rates-for-buy-in-maharashtra_india-P3mm15uxln8blpmn0,TRUE,Bootstrap/model-development record; not a raw registered transaction.
1042,Maharashtra,Chandrapur,Chandrapur,Growth / Peripheral,Apartment,Semi-Furnished,900,2,2,15,19,3818,2840.02,2560000,2026-09-14,Housing.com Maharashtra property-rate benchmark,published_market_benchmark,https://housing.com/price-trends/property-rates-for-buy-in-maharashtra_india-P3mm15uxln8blpmn0,TRUE,Bootstrap/model-development record; not a raw registered transaction.
1043,Maharashtra,Chandrapur,Chandrapur,Growth / Peripheral,Apartment,Fully Furnished,1350,3,3,15,15,3818,3113.52,4200000,2026-09-14,Housing.com Maharashtra property-rate benchmark,published_market_benchmark,https://housing.com/price-trends/property-rates-for-buy-in-maharashtra_india-P3mm15uxln8blpmn0,TRUE,Bootstrap/model-development record; not a raw registered transaction.
1044,Maharashtra,Chandrapur,Chandrapur,Growth / Peripheral,Apartment,Fully Furnished,1800,4,4,2,9,3818,3813.08,6860000,2026-09-14,Housing.com Maharashtra property-rate benchmark,published_market_benchmark,https://housing.com/price-trends/property-rates-for-buy-in-maharashtra_india-P3mm15uxln8blpmn0,TRUE,Bootstrap/model-development record; not a raw registered transaction.
1045,Maharashtra,Chandrapur,Chandrapur,Growth / Peripheral,Independent House,Semi-Furnished,1100,2,2,3,3,3818,3276.28,3600000,2026-09-14,Housing.com Maharashtra property-rate benchmark,published_market_benchmark,https://housing.com/price-trends/property-rates-for-buy-in-maharashtra_india-P3mm15uxln8blpmn0,TRUE,Bootstrap/model-development record; not a raw registered transaction.
1046,Maharashtra,Chandrapur,Chandrapur,Growth / Peripheral,Independent House,Fully Furnished,1650,3,3,7,2,3818,3448.03,5690000,2026-09-14,Housing.com Maharashtra property-rate benchmark,published_market_benchmark,https://housing.com/price-trends/property-rates-for-buy-in-maharashtra_india-P3mm15uxln8blpmn0,TRUE,Bootstrap/model-development record; not a raw registered transaction.
1047,Maharashtra,Chandrapur,Chandrapur,Growth / Peripheral,Independent House,Fully Furnished,2300,4,4,5,4,3818,3783.59,8700000,2026-09-14,Housing.com Maharashtra property-rate benchmark,published_market_benchmark,https://housing.com/price-trends/property-rates-for-buy-in-maharashtra_india-P3mm15uxln8blpmn0,TRUE,Bootstrap/model-development record; not a raw registered transaction.
1048,Maharashtra,Chandrapur,Chandrapur,Growth / Peripheral,Villa,Semi-Furnished,2200,3,3,3,2,3818,3984.14,8770000,2026-09-14,Housing.com Maharashtra property-rate benchmark,published_market_benchmark,https://housing.com/price-trends/property-rates-for-buy-in-maharashtra_india-P3mm15uxln8blpmn0,TRUE,Bootstrap/model-development record; not a raw registered transaction.
1049,Maharashtra,Chandrapur,Chandrapur,Growth / Peripheral,Villa,Fully Furnished,3000,4,4,10,4,3818,4111.33,12330000,2026-09-14,Housing.com Maharashtra property-rate benchmark,published_market_benchmark,https://housing.com/price-trends/property-rates-for-buy-in-maharashtra_india-P3mm15uxln8blpmn0,TRUE,Bootstrap/model-development record; not a raw registered transaction.
1050,Maharashtra,Chandrapur,Chandrapur,Growth / Peripheral,Villa,Fully Furnished,4200,5,5,10,5,3818,4498.97,18900000,2026-09-14,Housing.com Maharashtra property-rate benchmark,published_market_benchmark,https://housing.com/price-trends/property-rates-for-buy-in-maharashtra_india-P3mm15uxln8blpmn0,TRUE,Bootstrap/model-development record; not a raw registered transaction.
1051,Maharashtra,Gadchiroli,Gadchiroli,Core / Established,Apartment,Unfurnished,550,1,1,3,3,2400,2653.15,1460000,2026-09-14,Regional bootstrap estimate anchored to Maharashtra market benchmarks,derived_estimate,,TRUE,Bootstrap/model-development record; not a raw registered transaction.
1052,Maharashtra,Gadchiroli,Gadchiroli,Core / Established,Apartment,Semi-Furnished,900,2,2,7,3,2400,2770.9,2490000,2026-09-14,Regional bootstrap estimate anchored to Maharashtra market benchmarks,derived_estimate,,TRUE,Bootstrap/model-development record; not a raw registered transaction.
1053,Maharashtra,Gadchiroli,Gadchiroli,Core / Established,Apartment,Fully Furnished,1350,3,3,7,13,2400,2953.86,3990000,2026-09-14,Regional bootstrap estimate anchored to Maharashtra market benchmarks,derived_estimate,,TRUE,Bootstrap/model-development record; not a raw registered transaction.
1054,Maharashtra,Gadchiroli,Gadchiroli,Core / Established,Apartment,Fully Furnished,1800,4,4,1,19,2400,3438.84,6190000,2026-09-14,Regional bootstrap estimate anchored to Maharashtra market benchmarks,derived_estimate,,TRUE,Bootstrap/model-development record; not a raw registered transaction.
1055,Maharashtra,Gadchiroli,Gadchiroli,Core / Established,Independent House,Semi-Furnished,1100,2,2,15,5,2400,2412.75,2650000,2026-09-14,Regional bootstrap estimate anchored to Maharashtra market benchmarks,derived_estimate,,TRUE,Bootstrap/model-development record; not a raw registered transaction.
1056,Maharashtra,Gadchiroli,Gadchiroli,Core / Established,Independent House,Fully Furnished,1650,3,3,1,5,2400,3079.96,5080000,2026-09-14,Regional bootstrap estimate anchored to Maharashtra market benchmarks,derived_estimate,,TRUE,Bootstrap/model-development record; not a raw registered transaction.
1057,Maharashtra,Gadchiroli,Gadchiroli,Core / Established,Independent House,Fully Furnished,2300,4,4,5,5,2400,3248.83,7470000,2026-09-14,Regional bootstrap estimate anchored to Maharashtra market benchmarks,derived_estimate,,TRUE,Bootstrap/model-development record; not a raw registered transaction.
1058,Maharashtra,Gadchiroli,Gadchiroli,Core / Established,Villa,Semi-Furnished,2200,3,3,2,4,2400,3663.12,8060000,2026-09-14,Regional bootstrap estimate anchored to Maharashtra market benchmarks,derived_estimate,,TRUE,Bootstrap/model-development record; not a raw registered transaction.
1059,Maharashtra,Gadchiroli,Gadchiroli,Core / Established,Villa,Fully Furnished,3000,4,4,1,4,2400,4005.15,12020000,2026-09-14,Regional bootstrap estimate anchored to Maharashtra market benchmarks,derived_estimate,,TRUE,Bootstrap/model-development record; not a raw registered transaction.
1060,Maharashtra,Gadchiroli,Gadchiroli,Core / Established,Villa,Fully Furnished,4200,5,5,2,5,2400,4290.42,18020000,2026-09-14,Regional bootstrap estimate anchored to Maharashtra market benchmarks,derived_estimate,,TRUE,Bootstrap/model-development record; not a raw registered transaction.
1061,Maharashtra,Gadchiroli,Gadchiroli,Main Residential,Apartment,Unfurnished,550,1,1,10,16,2400,2178.91,1200000,2026-09-14,Regional bootstrap estimate anchored to Maharashtra market benchmarks,derived_estimate,,TRUE,Bootstrap/model-development record; not a raw registered transaction.
1062,Maharashtra,Gadchiroli,Gadchiroli,Main Residential,Apartment,Semi-Furnished,900,2,2,15,5,2400,2147.88,1930000,2026-09-14,Regional bootstrap estimate anchored to Maharashtra market benchmarks,derived_estimate,,TRUE,Bootstrap/model-development record; not a raw registered transaction.
1063,Maharashtra,Gadchiroli,Gadchiroli,Main Residential,Apartment,Fully Furnished,1350,3,3,3,3,2400,2624.85,3540000,2026-09-14,Regional bootstrap estimate anchored to Maharashtra market benchmarks,derived_estimate,,TRUE,Bootstrap/model-development record; not a raw registered transaction.
1064,Maharashtra,Gadchiroli,Gadchiroli,Main Residential,Apartment,Fully Furnished,1800,4,4,10,3,2400,2516.27,4530000,2026-09-14,Regional bootstrap estimate anchored to Maharashtra market benchmarks,derived_estimate,,TRUE,Bootstrap/model-development record; not a raw registered transaction.
1065,Maharashtra,Gadchiroli,Gadchiroli,Main Residential,Independent House,Semi-Furnished,1100,2,2,2,1,2400,2515.96,2770000,2026-09-14,Regional bootstrap estimate anchored to Maharashtra market benchmarks,derived_estimate,,TRUE,Bootstrap/model-development record; not a raw registered transaction.
1066,Maharashtra,Gadchiroli,Gadchiroli,Main Residential,Independent House,Fully Furnished,1650,3,3,1,2,2400,2794.18,4610000,2026-09-14,Regional bootstrap estimate anchored to Maharashtra market benchmarks,derived_estimate,,TRUE,Bootstrap/model-development record; not a raw registered transaction.
1067,Maharashtra,Gadchiroli,Gadchiroli,Main Residential,Independent House,Fully Furnished,2300,4,4,3,5,2400,2860.78,6580000,2026-09-14,Regional bootstrap estimate anchored to Maharashtra market benchmarks,derived_estimate,,TRUE,Bootstrap/model-development record; not a raw registered transaction.
1068,Maharashtra,Gadchiroli,Gadchiroli,Main Residential,Villa,Semi-Furnished,2200,3,3,2,1,2400,3168.13,6970000,2026-09-14,Regional bootstrap estimate anchored to Maharashtra market benchmarks,derived_estimate,,TRUE,Bootstrap/model-development record; not a raw registered transaction.
1069,Maharashtra,Gadchiroli,Gadchiroli,Main Residential,Villa,Fully Furnished,3000,4,4,5,4,2400,3324.89,9970000,2026-09-14,Regional bootstrap estimate anchored to Maharashtra market benchmarks,derived_estimate,,TRUE,Bootstrap/model-development record; not a raw registered transaction.
1070,Maharashtra,Gadchiroli,Gadchiroli,Main Residential,Villa,Fully Furnished,4200,5,5,7,3,2400,3568.16,14990000,2026-09-14,Regional bootstrap estimate anchored to Maharashtra market benchmarks,derived_estimate,,TRUE,Bootstrap/model-development record; not a raw registered transaction.
1071,Maharashtra,Gadchiroli,Gadchiroli,Growth / Peripheral,Apartment,Unfurnished,550,1,1,3,2,2400,2014.8,1110000,2026-09-14,Regional bootstrap estimate anchored to Maharashtra market benchmarks,derived_estimate,,TRUE,Bootstrap/model-development record; not a raw registered transaction.
1072,Maharashtra,Gadchiroli,Gadchiroli,Growth / Peripheral,Apartment,Semi-Furnished,900,2,2,15,7,2400,1790.16,1610000,2026-09-14,Regional bootstrap estimate anchored to Maharashtra market benchmarks,derived_estimate,,TRUE,Bootstrap/model-development record; not a raw registered transaction.
1073,Maharashtra,Gadchiroli,Gadchiroli,Growth / Peripheral,Apartment,Fully Furnished,1350,3,3,15,11,2400,1994.2,2690000,2026-09-14,Regional bootstrap estimate anchored to Maharashtra market benchmarks,derived_estimate,,TRUE,Bootstrap/model-development record; not a raw registered transaction.
1074,Maharashtra,Gadchiroli,Gadchiroli,Growth / Peripheral,Apartment,Fully Furnished,1800,4,4,7,11,2400,2191.15,3940000,2026-09-14,Regional bootstrap estimate anchored to Maharashtra market benchmarks,derived_estimate,,TRUE,Bootstrap/model-development record; not a raw registered transaction.
1075,Maharashtra,Gadchiroli,Gadchiroli,Growth / Peripheral,Independent House,Semi-Furnished,1100,2,2,1,2,2400,2164.85,2380000,2026-09-14,Regional bootstrap estimate anchored to Maharashtra market benchmarks,derived_estimate,,TRUE,Bootstrap/model-development record; not a raw registered transaction.
1076,Maharashtra,Gadchiroli,Gadchiroli,Growth / Peripheral,Independent House,Fully Furnished,1650,3,3,12,1,2400,1922.27,3170000,2026-09-14,Regional bootstrap estimate anchored to Maharashtra market benchmarks,derived_estimate,,TRUE,Bootstrap/model-development record; not a raw registered transaction.
1077,Maharashtra,Gadchiroli,Gadchiroli,Growth / Peripheral,Independent House,Fully Furnished,2300,4,4,2,5,2400,2397.94,5520000,2026-09-14,Regional bootstrap estimate anchored to Maharashtra market benchmarks,derived_estimate,,TRUE,Bootstrap/model-development record; not a raw registered transaction.
1078,Maharashtra,Gadchiroli,Gadchiroli,Growth / Peripheral,Villa,Semi-Furnished,2200,3,3,1,1,2400,2587.64,5690000,2026-09-14,Regional bootstrap estimate anchored to Maharashtra market benchmarks,derived_estimate,,TRUE,Bootstrap/model-development record; not a raw registered transaction.
1079,Maharashtra,Gadchiroli,Gadchiroli,Growth / Peripheral,Villa,Fully Furnished,3000,4,4,12,5,2400,2373.64,7120000,2026-09-14,Regional bootstrap estimate anchored to Maharashtra market benchmarks,derived_estimate,,TRUE,Bootstrap/model-development record; not a raw registered transaction.
1080,Maharashtra,Gadchiroli,Gadchiroli,Growth / Peripheral,Villa,Fully Furnished,4200,5,5,5,1,2400,2998.43,12590000,2026-09-14,Regional bootstrap estimate anchored to Maharashtra market benchmarks,derived_estimate,,TRUE,Bootstrap/model-development record; not a raw registered transaction.
